commune_id;departement_id;nom_commune
1;1;CHEVRY
2;1;DIVONNE-LES-BAINS
3;1;PERON
4;1;VALSERHONE
5;1;CULOZ
6;1;ST-GENIS-POUILLY
7;1;OYONNAX
8;1;ST-GERMAIN-DE-JOUX
9;1;GEX
10;1;AMBERIEU-EN-BUGEY
11;1;CESSY
12;1;SAULT-BRENAZ
13;1;FERNEY-VOLTAIRE
14;1;SEGNY
15;1;LAGNIEU
16;1;LE POIZAT-LALLEYRIAT
17;1;BELLEY
18;1;ORNEX
19;1;DORTAN
20;1;PREVESSIN-MOENS
21;1;BRENOD
22;1;SAINT-JEAN-LE-VIEUX
23;1;NANTUA
24;1;SAINT-DENIS-EN-BUGEY
25;1;THOIRY
26;1;BELLIGNAT
27;1;PLATEAU D'HAUTEVILLE
28;1;LELEX
29;1;VESANCY
30;1;IZERNORE
31;1;ECHENEVEX
32;1;VERSONNEX
33;1;SAINT-VULBAS
34;1;COLLONGES
35;1;CHAMPAGNE-EN-VALROMEY
36;1;JUJURIEUX
37;1;MATAFELON-GRANGES
38;1;HAUT-VALROMEY
39;1;ARBENT
40;1;LOYETTES
41;1;MIJOUX
42;1;SERGY
43;1;FARGES
44;1;CROZET
45;1;VILLARS-LES-DOMBES
46;1;MEXIMIEUX
47;1;MONTCEAUX
48;1;MONTLUEL
49;1;JASSANS-RIOTTIER
50;1;BEAUREGARD
51;1;DAGNEUX
52;1;MIONNAY
53;1;VILLIEU-LOYES-MOLLON
54;2;CHAUNY
55;2;LAON
56;2;LA FERE
57;2;URCEL
58;2;SAINT GOBAIN
59;2;TERGNIER
60;2;FOLEMBRAY
61;2;SAINT QUENTIN
62;2;SOISSONS
63;2;COURMELLES
64;2;VIC SUR AISNE
65;2;VILLERS-COTTERETS
66;2;LARGNY SUR AUTOMNE
67;2;NANTEUIL LA FOSSE
68;2;VAILLY-SUR-AISNE
69;2;COEUVRES ET VALSERY
70;2;BELLEU
71;2;CHATEAU THIERRY
72;2;FERE EN TARDENOIS
73;3;MOULINS
74;3;YZEURE
75;3;CUSSET
76;3;VICHY
77;4;SISTERON
78;4;RIEZ
79;4;ENCHASTRAYES
80;4;CHATEAU-ARNOUX-SAINT-AUBAN
81;4;DIGNE-LES-BAINS
82;4;MONTCLAR
83;4;ALLOS
84;4;CASTELLANE
85;4;JAUSIERS
86;4;LE LAUZET UBAYE
87;4;SEYNE
88;4;SAINTE CROIX DU VERDON
89;4;FAUCON-DE-BARCELONNETTE
90;4;BARCELONNETTE
91;4;GREOUX-LES-BAINS
92;4;SAINT-MARTIN-DE-BROMES
93;4;PEIPIN
94;4;VOLX
95;4;FORCALQUIER
96;4;SELONNET
97;4;MANOSQUE
98;4;UVERNET-FOURS
99;4;NOYERS-SUR-JABRON
100;4;PIERRERUE
101;4;ORAISON
102;4;L ESCALE
103;4;VILLENEUVE
104;4;VALENSOLE
105;4;VOLONNE
106;4;SAINTE-TULLE
107;4;SAINT-ETIENNE-LES-ORGUES
108;4;DEMANDOLX
109;4;BARREME
110;5;LARAGNE-MONTEGLIN
111;5;SAINT-MICHEL-DE-CHAILLOL
112;5;MONTGARDIN
113;5;VARS
114;5;EMBRUN
115;5;SAINT-SAUVEUR
116;5;BRIANCON
117;5;ORCIERES
118;5;VALLOUISE-PELVOUX
119;5;L'ARGENTIERE-LA-BESSEE
120;5;GAP
121;5;LE DEVOLUY
122;5;LA CHAPELLE-EN-VALGAUDEMAR
123;5;ABRIES-RISTOLAS
124;5;LA SALLE
125;5;VEYNES
126;5;ANCELLE
127;5;LES ORRES
128;5;SERRES
129;5;RISOUL
130;5;CHORGES
131;5;PUY SAINT VINCENT
132;5;SAINT-BONNET-EN-CHAMPSAUR
133;5;NEVACHE
134;5;LE MONETIER-LES-BAINS
135;5;LA BATIE NEUVE
136;5;GUILLESTRE
137;5;SAVINES-LE-LAC
138;5;MONTGENEVRE
139;5;LAYE
140;5;PUY-SANIERES
141;5;SAINT-CHAFFREY
142;6;NICE
143;6;NICE
144;6;NICE
145;6;SAINT-ANDRE DE LA ROCHE
146;6;LA TRINITE
147;6;FALICON
148;6;NICE
149;6;MENTON
150;6;ROQUEBRUNE CAP MARTIN
151;6;BEAUSOLEIL
152;6;LA BRIGUE
153;6;SAORGE
154;6;TENDE
155;6;SOSPEL
156;6;CASTELLAR
157;6;CASTILLON
158;6;GORBIO
159;6;MOULINET
160;6;BREIL-SUR-ROYA
161;6;SAINTE-AGNES
162;6;VILLEFRANCHE-SUR-MER
163;6;ISOLA
164;6;PEONE
165;6;VALDEBLORE
166;6;BEAULIEU SUR MER
167;6;PEILLON
168;6;DRAP
169;6;L'ESCARENE
170;6;CAP-D AIL
171;6;VILLARS-SUR-VAR
172;6;SAINT-MARTIN-VESUBIE
173;6;BENDEJUN
174;6;SAINT-ETIENNE-DE-TINEE
175;6;SAINT-MARTIN-DU-VAR
176;6;CONTES
177;6;LA TURBIE
178;6;GUILLAUMES
179;6;PEILLE
180;6;EZE
181;6;GILETTE
182;6;ROQUEBILLIERE
183;6;COLOMARS
184;6;SAINT-JEAN-CAP-FERRAT
185;6;LEVENS
186;6;BEUIL
187;6;BERRE-LES-ALPES
188;6;TOUDON
189;6;BLAUSASC
190;6;BELVEDERE
191;6;LUCERAM
192;6;LANTOSQUE
193;6;ASPREMONT
194;6;LA BOLLENE-VESUBIE
195;6;RIMPLAS
196;6;CANTARON
197;6;CLANS
198;6;LA ROQUETTE SUR VAR
199;6;UTELLE
200;6;PUGET-THENIERS
201;6;LE CANNET
202;6;MOUANS-SARTOUX
203;6;VALLAURIS
204;6;ANTIBES
205;6;ANTIBES
206;6;LA ROQUETTE SUR SIAGNE
207;6;MOUGINS
208;6;BIOT
209;6;CANNES
210;6;CANNES
211;6;MANDELIEU-LA-NAPOULE
212;6;GRASSE
213;6;PEGOMAS
214;6;THEOULE-SUR-MER
215;6;CARROS
216;6;VENCE
217;6;SAINT-CEZAIRE-SUR-SIAGNE
218;6;LE BROC
219;6;SAINT-VALLIER-DE-THIEY
220;6;LA GAUDE
221;6;LE BAR-SUR-LOUP
222;6;VALBONNE
223;6;GREOLIERES
224;6;PEYMEINADE
225;6;ANDON
226;6;CAGNES SUR MER
227;6;VILLENEUVE-LOUBET
228;6;SAINT LAURENT DU VAR
229;6;LA COLLE SUR LOUP
230;6;SAINT-PAUL-DE-VENCE
231;7;SAINT-JUST-D'ARDECHE
232;7;VALS-LES-BAINS
233;7;BOURG-SAINT-ANDEOL
234;7;GRAVIERES
235;7;SALAVAS
236;7;AUBENAS
237;7;LA-VOULTE-SUR-RHONE
238;7;PRIVAS
239;7;CHARMES-SUR-RHONE
240;7;VALLON PONT D'ARC
241;7;LABEGUDE
242;7;RUOMS
243;7;LANAS
244;7;SAINT-SERNIN
245;7;SAINT-GEORGES-LES-BAINS
246;7;VIVIERS
247;7;SAINT-MONTAN
248;7;ST JULIEN EN ST ALBAN
249;7;SAINT-MARTIN-D' ARDECHE
250;7;TOURNON-SUR-RHONE
251;7;SAINT-PERAY
252;7;GUILHERAND-GRANGES
253;7;ANNONAY
254;7;SARRAS
255;7;FELINES
256;7;SAINT-JEAN-DE-MUZOLS
257;7;DAVEZIEUX
258;8;CHARLEVILLE-MEZIERES
259;8;GIVET
260;8;SAINT-LAURENT
261;8;RETHEL
262;8;SEDAN
263;8;CARIGNAN
264;8;BALAN
265;8;BAZEILLES
266;9;USTOU
267;9;SAVERDUN
268;9;FOIX
269;9;SAINT-JEAN-DU-FALGA
270;9;LUZENAC
271;9;AX-LES-THERMES
272;9;MIREPOIX
273;9;LAVELANET
274;9;PAMIERS
275;9;DAUMAZAN-SUR-ARIZE
276;10;SAINTE SAVINE
277;10;ROSIERES PRES TROYES
278;10;ROMILLY SUR SEINE
279;10;SAINT JULIEN LES VILLAS
280;10;SAINT ANDRE LES VERGERS
281;10;TROYES
282;10;TRAINEL
283;10;LA CHAPELLE ST LUC
284;10;BAR SUR AUBE
285;10;PONTSAINTE MARIE
286;10;NOGENT SUR SEINE
287;10;LES NOES PRES TROYES
288;10;COLOMBE LA FOSSE
289;10;DIENVILLE
290;11;CARCASSONNE
291;11;CASTELNAUDARY
292;11;PEXIORA
293;11;TREBES
294;11;LAVALETTE
295;11;LIMOUX
296;11;RENNES LES BAINS
297;11;FITOU
298;11;SIGEAN
299;11;PORT-LA-NOUVELLE
300;11;GRUISSAN
301;11;LEUCATE
302;11;NARBONNE
303;11;VINASSAN
304;11;FLEURY D AUDE
305;11;BOUTENAC
306;11;PEYRIAC DE MER
307;11;BAGES
308;11;LEZIGNAN-CORBIERES
309;11;SALLES D AUDE
310;11;MOUSSAN
311;11;COURSAN
312;12;LE MONASTERE
313;13;MARSEILLE 2EME
314;13;MARSEILLE 4EME
315;13;MARSEILLE 1ER
316;13;MARSEILLE 16EME
317;13;MARSEILLE 15EME
318;13;MARSEILLE 3EME
319;13;MARSEILLE 14EME
320;13;MARSEILLE 14EME
321;13;MARSEILLE 10EME
322;13;MARSEILLE 7EME
323;13;MARSEILLE 5EME
324;13;MARSEILLE 6EME
325;13;MARSEILLE 9EME
326;13;AUBAGNE
327;13;MARSEILLE 8EME
328;13;CARNOUX-EN-PROVENCE
329;13;CASSIS
330;13;ROQUEVAIRE
331;13;LA CIOTAT
332;13;LA DESTROUSSE
333;13;AURIOL
334;13;LA PENNE SUR HUVEAUNE
335;13;LA BOUILLADISSE
336;13;SAINT SAVOURNIN
337;13;ROQUEFORT LA BEDOULE
338;13;PEYPIN
339;13;GREASQUE
340;13;GEMENOS
341;13;CUGES LES PINS
342;13;MARSEILLE 13EME
343;13;MARSEILLE 12EME
344;13;PLAN DE CUQUES
345;13;MARSEILLE 11EME
346;13;MARSEILLE 12EME
347;13;ALLAUCH
348;13;MIRAMAS
349;13;SALON-DE-PROVENCE
350;13;AIX EN PROVENCE
351;13;ROUSSET
352;13;ENSUES-LA-REDONNE
353;13;CHATEAUNEUF-LES-MARTIGUES
354;13;VITROLLES
355;13;MARIGNANE
356;13;GIGNAC-LA-NERTHE
357;13;EYRAGUES
358;13;SAINT-REMY-DE-PROVENCE
359;13;ARLES
360;13;GRAVESON
361;13;EYGUIERES
362;13;CHATEAURENARD
363;14;CAEN
364;14;MERVILLE FRANCEVILLE
365;14;GRANDCAMP-MAISY
366;14;LISIEUX
367;14;HONFLEUR
368;14;TROUVILLE-SUR-MER
369;14;DIVES-SUR-MER
370;14;VILLERS-SUR-MER
371;14;DEAUVILLE
372;14;HOULGATE
373;14;PONT-L EVEQUE
374;14;BLONVILLE-SUR-MER
375;14;TOURGEVILLE
376;14;TOUQUES
377;14;BENERVILLE-SUR-MER
378;14;DOZULE
379;14;EQUEMAUVILLE
380;14;SAINT-ARNOULT
381;14;RIVIERE-SAINT-SAUVEUR (LA)
382;16;ANGOULEME
383;16;RUELLE-SUR-TOUVRE
384;16;SOYAUX
385;16;BARBEZIEUX SAINT HILAIRE
386;16;L'ISLE D'ESPAGNAC
387;16;GOND PONTOUVRE
388;16;SAINT-MICHEL
389;17;SAINT-XANDRE
390;17;LA ROCHELLE
391;17;LAGORD
392;17;PERIGNY
393;17;CHATELAILLON-PLAGE
394;17;AYTRE
395;17;CLAVETTE
396;17;LOIX
397;17;SAINT-MARTIN-DE-RE
398;17;COURCON
399;17;LES PORTES-EN-RE
400;17;PUILBOREAU
401;17;DOMPIERRE-SUR-MER
402;17;MARANS
403;17;ARS-EN-RE
404;17;ANGOULINS
405;17;ROCHEFORT
406;17;TONNAY CHARENTE
407;17;FOURAS
408;17;SAINTES
409;17;SAUJON
410;17;SAINT-GEORGES-DE-DIDONNE
411;17;MESCHERS-SUR-GIRONDE
412;17;BARZAN
413;17;ST JEAN D'ANGELY
414;18;VIERZON
415;18;BOURGES
416;18;SAINT-FLORENT-SUR-CHER
417;18;MEHUN-SUR-YEVRE
418;18;MORTHOMIERS
419;18;ALLOUIS
420;18;SAINT-AMAND-MONTROND
421;18;AUBIGNY-SUR-NERE
422;19;TREIGNAC
423;19;TULLE
424;19;USSEL
425;19;BRIVE LA GAILLARDE
426;19;USSAC
427;19;SAINT-SORNIN-LAVOLPS
428;19;MALEMORT
429;19;SAINTE FEREOLE
430;20;DIJON
431;21;SAINT-BRIEUC
432;21;ERQUY
433;21;LAMBALLE-ARMOR
434;21;CHATELAUDREN-PLOUAGAT
435;21;LANGUEUX
436;21;PLOUFRAGAN
437;21;PLOUHA
438;21;PAIMPOL
439;21;PLENEUF-VAL-ANDRE
440;21;SAINT-QUAY-PORTRIEUX
441;21;PLERIN
442;21;BINIC-ETABLES-SUR-MER
443;21;HILLION
444;21;TREGUEUX
445;21;NOYAL
446;21;BEAUSSAIS-SUR-MER
447;21;DINAN
448;21;SAINT-CAST-LE-GUILDO
449;21;FREHEL
450;21;TADEN
451;21;LANCIEUX
452;21;PLANCOET
453;21;CAULNES
454;21;LANVALLAY
455;21;MATIGNON
456;21;BROONS
457;21;GUINGAMP
458;21;PLOUMAGOAR
459;21;PERROS-GUIREC
460;21;LANNION
461;21;TREGUIER
462;21;TREVOU-TREGUIGNEC
463;21;TREBEURDEN
464;21;PLESTIN-LES-GREVES
465;21;LOUDEAC
466;22;LA SOUTERRAINE
467;22;GUERET
468;23;PERIGUEUX
469;23;TRELISSAC
470;23;BOULAZAC ISLE MANOIRE
471;23;COULOUNIEIX-CHAMIERS
472;23;BERGERAC
473;23;PORT-SAINTE-FOY-ET-PONCHAPT
474;23;VAL DE LOUYRE ET CAUDEAU
475;23;LAMOTHE-MONTRAVEL
476;23;TERRASSON LAVILLEDIEU
477;23;SARLAT-LA-CANEDA
478;23;ROUFFIGNAC-ST-CERNIN-DE-REILHA
479;23;CASTELNAUD-LA-CHAPELLE
480;24;BESANCON
481;24;GENEUILLE
482;24;SAINT VIT
483;24;BOUSSIERES
484;24;MAMIROLLE
485;24;ROCHE LEZ BEAUPRE
486;24;MISEREY SALINES
487;24;BONNAY
488;24;DELUZ
489;24;LES AUXONS
490;24;BAUME LES DAMES
491;24;PONTARLIER
492;24;GRANGES NARBOZ
493;24;JOUGNE
494;24;VILLERS LE LAC
495;24;MORTEAU
496;24;LES HOPITAUX NEUFS
497;24;ROCHEJEAN
498;24;ORNANS
499;24;DOUBS
500;24;VALDAHON
501;24;LA CLUSE ET MIJOUX
502;24;METABIEF
503;24;ETALANS
504;24;MONTLEBON
505;24;MOUTHE
506;24;LES FOURGS
507;24;CHARQUEMONT
508;24;AUDINCOURT
509;24;SELONCOURT
510;24;HERIMONCOURT
511;24;MONTBELIARD
512;25;ROMANS-SUR-ISERE
513;25;VALENCE
514;25;MORAS-EN-VALLOIRE
515;25;MONTELIMAR
516;25;CREST
517;25;BOURG-DE-PEAGE
518;25;MONTBOUCHER-SUR-JABRON
519;25;BOURG LES VALENCE
520;25;CHABEUIL
521;25;DONZERE
522;25;SAINT-RAMBERT-D ALBON
523;25;DIEULEFIT
524;25;TULETTE
525;25;BEAUVALLON
526;25;MIRABEL-AUX-BARONNIES
527;25;LORIOL SUR DROME
528;25;PIERRELATTE
529;25;SAINT-PAUL-TROIS-CHATEAUX
530;25;MONTELIER
531;25;LIVRON SUR DROME
532;25;PORTES LES VALENCE
533;25;NYONS
534;25;SAUZET
535;25;SAINT-DONAT-SUR-L HERBASSE
536;25;ANCONE
537;25;SAINT-PANTALEON-LES-VIGNES
538;25;SAINT-AGNAN-EN-VERCORS
539;25;LA ROCHE DE GLUN
540;25;MOURS-SAINT-EUSEBE
541;25;SAINT VALLIER
542;25;PONT DE L ISERE
543;25;MERCUROL-VEAUNES
544;25;TAIN L HERMITAGE
545;25;BEAUMONT LES VALENCE
546;25;MONTSEGUR-SUR-LAUZON
547;25;PONSAS
548;26;GRAVIGNY
549;26;RUGLES
550;26;EZY SUR EURE
551;26;EVREUX
552;26;PACY-SUR-EURE
553;26;BUEIL
554;26;VERNON
555;26;ST MARCEL
556;26;CONCHES EN OUCHE
557;26;VERNEUIL D'AVRE ET D'ITON
558;26;GISORS
559;26;LES ANDELYS
560;26;LA TRINITE DE REVILLE
561;26;BEAUMONT LE ROGER
562;26;BERNAY
563;26;GAILLON
564;27;CHARTRES
565;27;GALLARDON
566;27;LE COUDRAY
567;27;EPERNON
568;27;MAINVILLIERS
569;27;TOURY
570;27;HANCHES
571;27;LEVES
572;27;GASVILLE OISEME
573;27;MAINTENON
574;27;LUCE
575;27;CHARTAINVILLIERS
576;27;ST PREST
577;27;GAS
578;27;AUNEAU-BLEURY-SAINT-SYMPHORIEN
579;27;LUISANT
580;27;JOUY
581;27;COURVILLE SUR EURE
582;27;CHATEAUDUN
583;27;ST DENIS-LANNERAY
584;27;DREUX
585;27;VERNOUILLET
586;27;LORMAYE
587;27;NOGENT-LE-ROI
588;27;ANET
589;27;CHAUDON
590;27;ST LUBIN DES JONCHERETS
591;27;CHATEAUNEUF EN THYMERAIS
592;27;ST REMY SUR AVRE
593;27;COULOMBS
594;27;NOGENT LE ROTROU
595;28;QUIMPER
596;28;DOUARNENEZ
597;28;QUIMPERLE
598;28;CONCARNEAU
599;28;PONT-AVEN
600;28;CLOHARS CARNOET
601;28;BREST
602;28;SAINT RENAN
603;28;DIRINON
604;28;LANDERNEAU
605;28;PLOUGASTEL-DAOULAS
606;28;CAMARET-SUR-MER
607;28;CROZON
608;28;SAINT-NIC
609;28;MORLAIX
610;28;LANDIVISIAU
611;28;CARANTEC
612;28;SAINT-MARTIN-DES-CHAMPS
613;28;PLOUGASNOU
614;28;ROSCOFF
615;29;PORTO-VECCHIO
616;29;AJACCIO
617;29;PROPRIANO
618;29;AJACCIO
619;29;SARTENE
620;29;ZONZA
621;29;BONIFACIO
622;29;GROSSETO-PRUGNA
623;29;LECCI
624;29;ARBELLARA
625;29;PIETROSELLA
626;29;GROSSETO-PRUGNA
627;29;VICO
628;29;CASAGLIONE
629;29;SARROLA-CARCOPINO
630;29;ARGIUSTA-MORICCIO
631;29;ALBITRECCIA
632;29;SERRA-DI-FERRO
633;29;CAURO
634;29;PALNECA
635;29;APPIETTO
636;29;CALCATOGGIO
637;29;PIANOTTOLI-CALDARELLO
638;29;OTA
639;29;BELVEDERE-CAMPOMORO
640;29;SOTTA
641;29;SARI-SOLENZARA
642;29;LECCI
643;29;OLMETO
644;29;COTI-CHIAVARI
645;29;CASALABRIVA
646;29;TAVERA
647;29;VICO
648;29;QUENZA
649;29;BASTELICACCIA
650;29;PIANA
651;29;COGGIA
652;29;FRASSETO
653;29;CUTTOLI-CORTICCHIATO
654;29;SANTA-MARIA-SICHE
655;29;COGGIA
656;29;ALBITRECCIA
657;29;VIGGIANELLO
658;29;AJACCIO
659;30;AREGNO
660;30;L'ILE ROUSSE
661;30;CERVIONE
662;30;OLETTA
663;31;LE GRAU DU ROI
664;31;AIGUES-MORTES
665;31;NIMES
666;31;NIMES
667;31;CALVISSON
668;31;DURFORT-ET-SAINT-MARTIN-DE-
669;31;VAUVERT
670;31;CAISSARGUES
671;31;MILHAUD
672;31;CLARENSAC
673;31;BOUILLARGUES
674;31;GARONS
675;31;SOMMIERES
676;31;SAINT ANDRE DE VALBORGNE
677;31;GALLARGUES-LE-MONTUEUX
678;31;BERNIS
679;31;AIGUES-VIVES
680;31;SAINT-DIONISY
681;31;GARRIGUES SAINTE EULALIE
682;31;SAUVE
683;31;LA CALMETTE
684;31;LASALLE
685;31;SAINT-LAURENT-D AIGOUZE
686;31;AUBORD
687;31;AIMARGUES
688;31;RODILHAN
689;31;SARDAN
690;31;CODOGNAN
691;31;ARRIGAS
692;31;QUISSAC
693;31;SAINT-GENIES-DE-MALGOIRES
694;31;CAVEIRAC
695;31;LE VIGAN
696;31;SUMENE
697;31;ST HIPPOLYTE DU FORT
698;31;UZES
699;31;GENERAC
700;31;LAUDUN-L ARDOISE
701;31;BELLEGARDE
702;31;BEAUCAIRE
703;31;VILLENEUVE LES AVIGNON
704;31;SAINT-NAZAIRE
705;31;MARGUERITTES
706;31;MEYNES
707;31;ROCHEFORT-DU-GARD
708;31;LES ANGLES
709;31;REMOULINS
710;31;POULX
711;31;PONT ST ESPRIT
712;31;ST GILLES
713;31;CASTILLON-DU-GARD
714;31;SAINT-HILAIRE-D OZILHAN
715;31;SAINT-PAULET-DE-CAISSON
716;31;SERNHAC
717;31;BAGNOLS SUR CEZE
718;31;SAZE
719;31;MONTAREN-ET-SAINT-MEDIERS
720;31;MONTFRIN
721;31;ROQUEMAURE
722;31;ALES
723;31;PORTES
724;31;MOLIERES-SUR-CEZE
725;31;BESSEGES
726;31;SAINT-FLORENT-SUR-AUZONNET
727;31;LA GRAND COMBE
728;31;ANDUZE
729;32;TOULOUSE
730;32;TOULOUSE
731;32;TOULOUSE
732;32;TOULOUSE
733;32;CASTELGINEST
734;32;FONBEAUZARD
735;32;BALMA
736;32;DREMIL LAFAGE
737;32;L UNION
738;32;AUCAMVILLE
739;32;FENOUILLET
740;32;ROUFFIAC TOLOSAN
741;32;GAGNAC SUR GARONNE
742;32;RAMONVILLE ST AGNE
743;32;ST JEAN
744;32;LAUNAGUET
745;32;FLOURENS
746;32;TOULOUSE
747;32;TOURNEFEUILLE
748;32;COLOMIERS
749;32;TOULOUSE
750;32;BLAGNAC
751;32;VILLEMUR SUR TARN
752;32;AUSSONNE
753;32;CUGNAUX
754;32;GRENADE SUR GARONNE
755;32;LA SALVETAT ST GILLES
756;32;MONDONVILLE
757;32;FRONTON
758;32;BEAUZELLE
759;32;BESSIERES
760;32;CASTANET TOLOSAN
761;32;VILLEFRANCHE-DE-LAURAGAIS
762;32;NAILLOUX
763;32;LABEGE
764;32;REVEL
765;32;ST ORENS DE GAMEVILLE
766;32;LANTA
767;32;LACROIX FALGARDE
768;32;AUZEVILLE-TOLOSANE
769;32;ESCALQUENS
770;32;MONTASTRUC LA CONSEILLERE
771;32;POMPERTUZAT
772;32;BAZIEGE
773;32;FROUZINS
774;33;AUCH
775;33;CONDOM
776;33;CAZAUBON
777;33;GIMONT
778;33;L ISLE JOURDAIN
779;34;BORDEAUX
780;34;SAINT AUBIN DE MEDOC
781;34;PAREMPUYRE
782;34;SAINT MEDARD EN JALLES
783;34;BORDEAUX
784;34;BORDEAUX
785;34;BRUGES
786;34;LACANAU
787;34;LE BOUSCAT
788;34;LE HAILLAN
789;34;EYSINES
790;34;LUDON MEDOC
791;34;MOULIS-EN-MEDOC
792;34;LE TAILLAN MEDOC
793;34;CASTELNAU-DE-MEDOC
794;34;BLANQUEFORT
795;34;MARGAUX CANTENAC
796;34;BORDEAUX
797;34;BEGLES
798;34;MERIGNAC
799;34;GRADIGNAN
800;34;TALENCE
801;34;PESSAC
802;34;VILLENAVE D ORNON
803;34;SAINT JEAN D ILLAC
804;34;MARTIGNAS SUR JALLE
805;34;CANEJAN
806;34;CESTAS
807;34;CADILLAC
808;34;BIGANOS
809;34;ARCACHON
810;34;CARBON BLANC
811;34;CADAUJAC
812;34;LA TESTE-DE-BUCH
813;34;GUJAN MESTRAS
814;34;CENON
815;34;FLOIRAC
816;34;TOULENNE
817;34;ANDERNOS-LES-BAINS
818;34;BORDEAUX
819;34;LORMONT
820;34;ARTIGUES-PRES-BORDEAUX
821;34;PAILLET
822;34;LEGE-CAP-FERRET
823;34;LE TEICH
824;34;ST SULPICE ET CAMEYRAC
825;34;CREON
826;34;SALLES
827;34;TRESSES
828;34;SAINT GERVAIS
829;34;ARES
830;34;FARGUES SAINT HILAIRE
831;34;LANGON
832;34;LEOGNAN
833;34;LEGE-CAP-FERRET
834;34;PREIGNAC
835;34;ST LOUIS DE MONTFERRAND
836;34;LATRESNE
837;34;AUDENGE
838;34;HAUX
839;34;AMBARES-ET-LAGRAVE
840;34;ST CAPRAIS DE BORDEAUX
841;34;LANTON
842;34;BARSAC
843;34;LE BARP
844;34;BASSENS
845;34;LANGOIRAN
846;34;YVRAC
847;34;MONTUSSAN
848;34;BAZAS
849;34;SAINT-ANDRE-DE-CUBZAC
850;34;CARIGNAN-DE-BORDEAUX
851;34;MIOS
852;34;LE TOURNE
853;34;MARCHEPRIME
854;34;LA TESTE-DE-BUCH
855;34;CASTRES GIRONDE
856;34;LESTIAC-SUR-GARONNE
857;34;LA BREDE
858;34;SAINT LOUBES
859;34;SAINTE EULALIE
860;34;GRIGNOLS
861;34;GENISSAC
862;34;LIBOURNE
863;34;CASTILLON-LA-BATAILLE
864;34;BLAYE
865;34;PINEUILH
866;34;SAINT-YZAN-DE-SOUDIAC
867;34;SAINT-QUENTIN-DE-BARON
868;34;SAINT-SAVIN
869;34;COUTRAS
870;34;ST-SEURIN-SUR-L ISLE
871;34;SAINTE-FOY-LA-GRANDE
872;34;SAINT-CIERS-SUR-GIRONDE
873;34;VAYRES
874;34;LA REOLE
875;34;SAINT-MACAIRE
876;34;SAUVETERRE-DE-GUYENNE
877;34;CARCANS
878;34;SOULAC-SUR-MER
879;34;HOURTIN
880;34;SAINT LAURENT MEDOC
881;34;LE VERDON SUR MER
882;34;LESPARRE-MEDOC
883;34;VERTHEUIL
884;34;SAINT-VIVIEN-DE-MEDOC
885;35;MONTPELLIER
886;35;MONTPELLIER
887;35;MONTPELLIER
888;35;MONTPELLIER
889;35;PALAVAS-LES-FLOTS
890;35;MAUGUIO
891;35;JUVIGNAC
892;35;PEROLS
893;35;LE CRES
894;35;LA GRANDE MOTTE
895;35;CASTELNAU LE LEZ
896;35;LATTES
897;35;SAINT-AUNES
898;35;SAINT-JEAN-DE-VEDAS
899;35;GRABELS
900;35;FRONTIGNAN
901;35;SETE
902;35;VIC-LA-GARDIOLE
903;35;BOUZIGUES
904;35;BALARUC LES BAINS
905;35;VENDARGUES
906;35;GANGES
907;35;LUNEL
908;35;CLERMONT L HERAULT
909;35;SAINT-GELY-DU-FESC
910;35;MEZE
911;35;SUSSARGUES
912;35;MARSILLARGUES
913;35;GIGEAN
914;35;JACOU
915;35;MAS-DE-LONDRES
916;35;SAINT CLEMENT DE RIVIERE
917;35;CASTRIES
918;35;BAILLARGUES
919;35;POUSSAN
920;35;LAROQUE
921;35;MONTBAZIN
922;35;PRADES-LE-LEZ
923;35;BEAULIEU
924;35;BALARUC LE VIEUX
925;35;SAINT-SERIES
926;35;VILLENEUVE-LES-MAGUELONE
927;35;SAINT-BRES
928;35;PLAISSAN
929;35;LODEVE
930;35;SAINT-FELIX-DE-LODEZ
931;35;LOUPIAN
932;35;CAZILHAC
933;35;SAINT PAUL ET VALMALLE
934;35;SAINT-ANDRE-DE-SANGONIS
935;35;POUZOLS
936;35;ASSAS
937;35;ENTRE-VIGNES
938;35;NEBIAN
939;35;SAINT-DREZERY
940;35;GIGNAC
941;35;MONTPEYROUX
942;35;MONTARNAUD
943;35;VALRAS-PLAGE
944;35;CESSERAS
945;35;BEZIERS
946;35;SERIGNAN
947;35;AGDE
948;35;PEZENAS
949;35;MARSEILLAN
950;35;BEDARIEUX
951;35;VENDRES
952;35;VIAS
953;35;PUISSERGUIER
954;35;CAUX
955;35;MONTADY
956;35;LAMALOU-LES-BAINS
957;35;BOUJAN-SUR-LIBRON
958;35;PORTIRAGNES
959;35;POMEROLS
960;36;PACE
961;36;BOURGBARRE
962;36;RENNES
963;36;BETTON
964;36;CESSON-SEVIGNE
965;36;RENNES
966;36;NOYAL-CHATILLON-SUR-SEICHE
967;36;RENNES
968;36;CHANTEPIE
969;36;VEZIN-LE-COQUET
970;36;BRUZ
971;36;CHARTRES-DE-BRETAGNE
972;36;ST JACQUES DE LA LANDE
973;36;SAINT-GREGOIRE
974;36;VERN-SUR-SEICHE
975;36;LA CHAPELLE DES FOUGERETZ
976;36;PONT-PEAN
977;36;ACIGNE
978;36;PARTHENAY-DE-BRETAGNE
979;36;ORGERES
980;36;MELESSE
981;36;CHAVAGNE
982;36;IRODOUER
983;36;SAINT-AUBIN-D AUBIGNE
984;36;BREAL-SOUS-MONTFORT
985;36;MORDELLES
986;36;MONTAUBAN-DE-BRETAGNE
987;36;LIFFRE
988;36;CHATEAUGIRON
989;36;LE RHEU
990;36;BRETEIL
991;36;NOUVOITOU
992;36;BEDEE
993;36;JANZE
994;36;THORIGNE-FOUILLARD
995;36;SAINT-MEEN-LE-GRAND
996;36;MONTFORT-SUR-MEU
997;36;L'HERMITAGE
998;36;HEDE-BAZOUGES
999;36;LA MEZIERE
1000;36;SAINT-ARMEL
1001;36;SENS-DE-BRETAGNE
1002;36;MONTREUIL-SUR-ILLE
1003;36;GOVEN
1004;36;REDON
1005;36;BAIN-DE-BRETAGNE
1006;36;LA CHAPELLE BOUEXIC
1007;36;GUICHEN
1008;36;POLIGNE
1009;36;BOURG-DES-COMPTES
1010;36;SAINT-MALO
1011;36;DINARD
1012;36;PLEUGUENEUC
1013;36;SAINT-LUNAIRE
1014;36;CANCALE
1015;36;PLEURTUIT
1016;36;DOL DE BRETAGNE
1017;36;SAINT-BRIAC-SUR-MER
1018;36;MINIAC-MORVAN
1019;36;LA GOUESNIERE
1020;36;LA RICHARDAIS
1021;36;SAINT-DOMINEUC
1022;36;LE TRONCHET
1023;36;ROZ-SUR-COUESNON
1024;36;SAINT-MELOIR-DES-ONDES
1025;36;SAINT-JOUAN-DES-GUERETS
1026;36;DOMAGNE
1027;36;LA GUERCHE-DE-BRETAGNE
1028;36;VITRE
1029;36;CHATEAUBOURG
1030;36;RETIERS
1031;36;VAL-D'IZE
1032;37;CHATEAUROUX
1033;37;LA CHATRE
1034;38;JOUE LES TOURS
1035;38;TOURS
1036;38;LA RICHE
1037;38;TOURS
1038;38;MONTLOUIS-SUR-LOIRE
1039;38;SAINT-PIERRE-DES-CORPS
1040;38;TOURS
1041;38;SAINT AVERTIN
1042;38;FONDETTES
1043;38;SAINT CYR SUR LOIRE
1044;38;NOTRE-DAME-D OE
1045;38;ROCHECORBON
1046;38;LA MEMBROLLE-SUR-CHOISILLE
1047;38;BALLAN MIRE
1048;38;CHAMBRAY LES TOURS
1049;38;AMBOISE
1050;38;RICHELIEU
1051;38;BOURGUEIL
1052;38;LOCHES
1053;38;DESCARTES
1054;39;GRENOBLE
1055;39;GRENOBLE
1056;39;SAINT-MARTIN-D'HERES
1057;39;GIERES
1058;39;LA TRONCHE
1059;39;MEYLAN
1060;39;MONTBONNOT-SAINT-MARTIN
1061;39;ECHIROLLES
1062;39;SAINT-NAZAIRE-LES-EYMES
1063;39;BIVIERS
1064;39;SAINT-ISMIER
1065;39;EYBENS
1066;39;POISAT
1067;39;CORENC
1068;39;LA TERRASSE
1069;39;VOIRON
1070;39;DOMENE
1071;39;FROGES
1072;39;PONTCHARRA
1073;39;VIZILLE
1074;39;SAINT-EGREVE
1075;39;FONTANIL-CORNILLON
1076;39;CRETS EN BELLEDONNE
1077;39;SAINT-MARTIN-LE-VINOUX
1078;39;TENCIN
1079;39;ALLEVARD
1080;39;VILLARD-BONNOT
1081;39;LE HAUT-BREDA
1082;39;SAINT-MARTIN-D'URIAGE
1083;39;VOREPPE
1084;39;CHAMROUSSE
1085;39;LA BUISSE
1086;39;NOTRE-DAME-DE-MESAGE
1087;39;SAINT-PIERRE-DE-CHARTREUSE
1088;39;BRIE-ET-ANGONNES
1089;39;GONCELIN
1090;39;VAULNAVEYS-LE-BAS
1091;39;LES ADRETS
1092;39;LE VERSOUD
1093;39;LE CHEYLAS
1094;39;SAINT-ETIENNE-DE-CROSSEY
1095;39;CROLLES
1096;39;GRESSE-EN-VERCORS
1097;39;HUEZ
1098;39;LES DEUX ALPES
1099;39;SASSENAGE
1100;39;AUTRANS-MEAUDRE EN VERCORS
1101;39;SEYSSINET-PARISET
1102;39;VILLARD-DE-LANS
1103;39;FONTAINE
1104;39;VAUJANY
1105;39;CORRENCON-EN-VERCORS
1106;39;AUTRANS-MEAUDRE EN VERCORS
1107;39;LE PONT-DE-CLAIX
1108;39;CLAIX
1109;39;CORPS
1110;39;LE BOURG-D'OISANS
1111;39;BESSE
1112;39;AURIS
1113;39;LANS-EN-VERCORS
1114;39;LE GUA
1115;39;SAINT-CLAIR-DE-LA-TOUR
1116;39;BOURGOIN-JALLIEU
1117;39;VILLEFONTAINE
1118;39;SAINT-JUST-CHALEYSSIN
1119;39;L'ISLE-D'ABEAU
1120;39;LA VERPILLIERE
1121;39;ANTHON
1122;39;PONT-DE-CHERUY
1123;39;RIVES
1124;39;SAINT-ETIENNE-DE-SAINT-GEOIRS
1125;39;SAINT-MARCELLIN
1126;39;SAINT-JEAN-DE-MOIRANS
1127;39;TULLINS
1128;39;VINAY
1129;39;MOIRANS
1130;39;BEAUCROISSANT
1131;39;SAINT-GEOIRS
1132;39;ROYBON
1133;39;IZEAUX
1134;40;LES ROUSSES
1135;40;SAINT-CLAUDE
1136;40;DOLE
1137;40;CHAMPAGNOLE
1138;40;ARBOIS
1139;40;TAVAUX
1140;40;HAUTS DE BIENNE
1141;40;SAMPANS
1142;40;LONS LE SAUNIER
1143;40;SEPTMONCEL LES MOLUNES
1144;40;BOIS-D AMONT
1145;40;PREMANON
1146;40;POLIGNY
1147;40;PERRIGNY
1148;40;MONTMOROT
1149;40;OFFLANGES
1150;40;LAVANS-LES-SAINT-CLAUDE
1151;40;SALINS LES BAINS
1152;40;MOIRANS-EN-MONTAGNE
1153;40;CLAIRVAUX-LES-LACS
1154;40;BELLEFONTAINE
1155;40;RAVILLOLES
1156;41;ST-JULIEN-EN-BORN
1157;41;DAX
1158;41;ST-VINCENT-DE-TYROSSE
1159;41;TOSSE
1160;41;SAINT-PIERRE-DU-MONT
1161;41;MOLIETS-ET-MAA
1162;41;PEYREHORADE
1163;41;SEIGNOSSE
1164;41;MONT-DE-MARSAN
1165;41;TARNOS
1166;41;SOORTS-HOSSEGOR
1167;41;ST-GEOURS-MAREMNE
1168;41;SANGUINET
1169;41;VIELLE-ST-GIRONS
1170;41;VIEUX BOUCAU-LES-BAINS
1171;41;LIT ET MIXE
1172;41;BISCARROSSE
1173;41;ST-PAUL-LES-DAX
1174;41;CAPBRETON
1175;41;LABENNE
1176;41;SOUSTONS
1177;41;ONDRES
1178;41;MONTGAILLARD
1179;41;AIRE-SUR-L'ADOUR
1180;41;ST-MARTIN-DE-SEIGNANX
1181;41;ANGRESSE
1182;41;MIMIZAN
1183;41;HAGETMAU
1184;41;ORIST
1185;41;LEON
1186;41;ST-MARTIN-DE-HINX
1187;41;BIAS
1188;41;POYANNE
1189;41;ST-VINCENT-DE-PAUL
1190;41;RION-DES-LANDES
1191;41;TARTAS
1192;41;AUREILHAN
1193;41;SAINT-SEVER
1194;41;PARENTIS EN BORN
1195;41;BENESSE-MAREMNE
1196;42;VENDOME
1197;42;BLOIS
1198;42;MONTRICHARD VAL DE CHER
1199;42;MAROLLES
1200;42;ROMORANTIN-LANTHENAY
1201;42;VINEUIL
1202;42;LA CHAUSSEE SAINT VICTOR
1203;42;VILLEBAROU
1204;43;SAINT-ETIENNE
1205;43;SAINT-ETIENNE
1206;43;SAINT-JEAN-BONNEFONDS
1207;43;LA TALAUDIERE
1208;43;SAINT GENEST LERPT
1209;43;GENILAC
1210;43;FIRMINY
1211;43;SAINT-PAUL-EN-JAREZ
1212;43;SAINT-CHAMOND
1213;43;LA RICAMARIE
1214;43;ROCHE-LA-MOLIERE
1215;43;LA GRAND-CROIX
1216;43;SAINT-JOSEPH
1217;43;SAINT-PRIEST-EN-JAREZ
1218;43;PELUSSIN
1219;43;LA FOUILLOUSE
1220;43;L ETRAT
1221;43;VILLARS
1222;43;LORETTE
1223;43;LE CHAMBON-FEUGEROLLES
1224;43;FRAISSES
1225;43;SORBIERS
1226;43;CHAVANAY
1227;43;RIVE-DE-GIER
1228;43;FARNAY
1229;43;SAINT-PAUL-EN-CORNILLON
1230;43;UNIEUX
1231;43;L HORME
1232;43;SAVIGNEUX
1233;43;SAINT-MARCELLIN-EN-FOREZ
1234;43;ANDREZIEUX-BOUTHEON
1235;43;CHAZELLES SUR LYON
1236;43;BOEN-SUR-LIGNON
1237;43;MONTBRISON
1238;43;VEAUCHE
1239;43;MONTROND-LES-BAINS
1240;43;SAINT-JUST-SAINT-RAMBERT
1241;43;SAINT-GALMIER
1242;43;FEURS
1243;43;SAINT-ROMAIN-LE-PUY
1244;43;SAINT-BONNET-LE-CHATEAU
1245;43;SOLEYMIEUX
1246;43;CHALMAZEL-JEANSAGNIERE
1247;43;PRECIEUX
1248;43;ROANNE
1249;43;CHARLIEU
1250;43;VILLEREST
1251;43;SAINT-JUST-EN-CHEVALET
1252;43;RIORGES
1253;43;NEULISE
1254;43;LE COTEAU
1255;43;MABLY
1256;43;BALBIGNY
1257;43;PERREUX
1258;43;BRIENNON
1259;43;SAINT-HAON-LE-CHATEL
1260;44;LE PUY EN VELAY
1261;44;SAINTE-SIGOLENE
1262;44;SEAUVE-SUR-SEMENE (LA)
1263;44;SAINT-PAL-DE-MONS
1264;44;LE CHAMBON SUR LIGNON
1265;44;LANGEAC
1266;44;ESPALY-SAINT-MARCEL
1267;44;SAINT-DIDIER-EN-VELAY
1268;44;BRIVES-CHARENSAC
1269;44;AUREC-SUR-LOIRE
1270;44;ARAULES
1271;44;VIEILLE-BRIOUDE
1272;44;PONT-SALOMON
1273;44;BRIOUDE
1274;44;YSSINGEAUX
1275;44;BEAUZAC
1276;44;SAINT JUST MALMONT
1277;45;NANTES
1278;45;ST SEBASTIEN SUR LOIRE
1279;45;NANTES
1280;45;NANTES
1281;45;NANTES
1282;45;ST-HERBLAIN
1283;45;INDRE
1284;45;THOUARE-SUR-LOIRE
1285;45;CHAPELLE-SUR-ERDRE (LA)
1286;45;REZE
1287;45;BOUGUENAIS
1288;45;SUCE-SUR-ERDRE
1289;45;ST-PHILBERT-DE-GRAND-LIEU
1290;45;BASSE-GOULAINE
1291;45;TREILLIERES
1292;45;LIGNE
1293;45;SORINIERES (LES)
1294;45;AIGREFEUILLE SUR MAINE
1295;45;CARQUEFOU
1296;45;MACHECOUL-SAINT-MEME
1297;45;SAINTE-LUCE-SUR-LOIRE
1298;45;MOUZEIL
1299;45;HAIE-FOUASSIERE (LA)
1300;45;ORVAULT
1301;45;VERTOU
1302;45;ANCENIS-SAINT-GEREON
1303;45;MAISDON-SUR-SEVRE
1304;45;CLISSON
1305;45;SAINT-JULIEN-DE-CONCELLES
1306;45;BOUAYE
1307;45;PONT-SAINT-MARTIN
1308;45;GRANDCHAMP-DES-FONTAINES
1309;45;LOROUX-BOTTEREAU (LE)
1310;45;RIAILLE
1311;45;LOIREAUXENCE
1312;45;SAUTRON
1313;45;CHAPELLE-HEULIN (LA)
1314;45;LA BERNERIE EN RETZ
1315;45;SAINT BREVIN LES PINS
1316;45;PORNIC
1317;45;SAINT-MICHEL-CHEF-CHEF
1318;45;LA PLAINE-SUR-MER
1319;45;SAINTE PAZANNE
1320;45;SAINT-PERE-EN-RETZ
1321;45;LA MONTAGNE
1322;45;PELLERIN (LE)
1323;45;PAIMBOEUF
1324;45;PREFAILLES
1325;45;PORNICHET
1326;45;SAINT-NAZAIRE
1327;45;COUERON
1328;45;BESNE
1329;45;BLAIN
1330;45;TRIGNAC
1331;45;MISSILLAC
1332;45;MONTOIR-DE-BRETAGNE
1333;45;SAINT-ETIENNE-DE-MONTLUC
1334;45;SAVENAY
1335;45;GUEMENE PENFAO
1336;45;SAINT-MALO-DE-GUERSAC
1337;45;SAINTE-REINE-DE-BRETAGNE
1338;45;LE TEMPLE DE BRETAGNE
1339;45;SAINT-NICOLAS-DE-REDON
1340;45;DONGES
1341;45;CAMPBON
1342;45;VIGNEUX DE BRETAGNE
1343;45;LE POULIGUEN
1344;45;GUERANDE
1345;45;LA TURBALLE
1346;45;BATZ-SUR-MER
1347;45;LA BAULE-ESCOUBLAC
1348;45;MESQUER
1349;45;LE CROISIC
1350;45;SAINT-ANDRE-DES-EAUX
1351;45;PIRIAC-SUR-MER
1352;45;SAINT MOLF
1353;45;NORT SUR ERDRE
1354;45;CHATEAUBRIANT
1355;46;ST JEAN DE BRAYE
1356;46;ORLEANS
1357;46;OLIVET
1358;46;LA CHAPELLE ST MESMIN
1359;46;ST JEAN DE LA RUELLE
1360;46;SAINT-JEAN-LE-BLANC
1361;46;ORLEANS
1362;46;CHANTEAU
1363;46;SAINT-HILAIRE-SAINT-MESMIN
1364;46;FLEURY LES AUBRAIS
1365;46;INGRE
1366;46;SEMOY
1367;46;SAINT-PRYVE-SAINT-MESMIN
1368;46;SARAN
1369;46;SAINT-DENIS-EN-VAL
1370;46;CHECY
1371;46;BOULAY-LES-BARRES
1372;46;BEAUGENCY
1373;46;ARDON
1374;46;LA FERTE SAINT-AUBIN
1375;46;NEUVILLE-AUX-BOIS
1376;46;LAILLY EN VAL
1377;46;CHATEAUNEUF S LOIRE
1378;46;JARGEAU
1379;46;SANDILLON
1380;46;MEUNG-SUR-LOIRE
1381;46;PATAY
1382;46;MONTARGIS
1383;46;CHALETTE-SUR-LOING
1384;46;SAINT-HILAIRE-LES-ANDRESIS
1385;46;AMILLY
1386;46;CEPOY
1387;46;PUISEAUX
1388;46;LE MALESHERBOIS
1389;46;PITHIVIERS
1390;46;BEAUNE-LA-ROLANDE
1391;46;GIEN
1392;46;SULLY-SUR-LOIRE
1393;46;BRIARE
1394;47;CAHORS
1395;48;LE PASSAGE
1396;48;AGEN
1397;48;LAYRAC
1398;48;LAFOX
1399;48;CASTELJALOUX
1400;48;BOE
1401;48;COLAYRAC ST CIRQ
1402;48;NERAC
1403;48;AIGUILLON
1404;48;MARMANDE
1405;48;TONNEINS
1406;48;VILLENEUVE SUR LOT
1407;48;VILLEREAL
1408;48;FUMEL
1409;48;MONFLANQUIN
1410;48;CASTELNAUD DE GRATECAMBE
1411;49;MENDE
1412;49;LANGOGNE
1413;49;MEYRUEIS
1414;49;MARVEJOLS
1415;49;MONT LOZERE ET GOULET
1416;49;VILLEFORT
1417;49;PEYRE EN AUBRAC
1418;50;ANGERS
1419;50;ANGERS
1420;50;LES PONTS DE CE
1421;50;TIERCE
1422;50;SAINT-BARTHELEMY-D ANJOU
1423;50;MURS-ERIGNE
1424;50;TRELAZE
1425;50;STE GEMMES SUR LOIRE
1426;50;CHEFFES
1427;50;VERRIERES-EN-ANJOU
1428;50;VERRIERES-EN-ANJOU
1429;50;RIVES-DU-LOIR-EN-ANJOU
1430;50;BRISSAC LOIRE AUBANCE
1431;50;AVRILLE
1432;50;SAINT-GEORGES-SUR-LOIRE
1433;50;BOUCHEMAINE
1434;50;MONTREUIL-JUIGNE
1435;50;CHOLET
1436;50;CHEMILLE-EN-ANJOU
1437;50;TREMENTINES
1438;50;BEAUPREAU-EN-MAUGES
1439;50;BEAUPREAU-EN-MAUGES
1440;50;LA TESSOUALLE
1441;50;SAUMUR
1442;50;FONTEVRAUD L ABBAYE
1443;50;MAZE-MILON
1444;50;SEGRE-EN-ANJOU BLEU
1445;51;AGNEAUX
1446;51;SAINT-LO
1447;51;MOON-SUR-ELLE
1448;51;CARENTAN LES MARAIS
1449;51;GRANVILLE
1450;51;AVRANCHES
1451;51;GRANDPARIGNY
1452;51;DONVILLE-LES-BAINS
1453;51;SAINT-HILAIRE-DU-HARCOUET
1454;51;BRECEY
1455;51;JULLOUVILLE
1456;51;PONTORSON
1457;51;CHERBOURG-EN-COTENTIN
1458;51;CHERBOURG-EN-COTENTIN
1459;51;CHERBOURG-EN-COTENTIN
1460;51;CHERBOURG-EN-COTENTIN
1461;51;CHERBOURG-EN-COTENTIN
1462;51;COUTANCES
1463;51;SAINT-GERMAIN-SUR-AY
1464;51;GAVRAY-SUR-SIENNE
1465;51;GOUVILLE-SUR-MER
1466;51;AGON-COUTAINVILLE
1467;51;PIROU
1468;51;PERIERS
1469;51;LESSAY
1470;51;LA HAYE
1471;51;BARNEVILLE-CARTERET
1472;51;SAINT-VAAST-LA-HOUGUE
1473;51;BAUBIGNY
1474;51;VALOGNES
1475;51;PORT-BAIL-SUR-MER
1476;52;CHALONS EN CHAMPAGNE
1477;52;SAINT-MEMMIE
1478;52;SAINTE MENEHOULD
1479;52;BLACY
1480;52;VITRY LE FRANCOIS
1481;52;FRIGNICOURT
1482;52;EPERNAY
1483;52;DORMANS
1484;52;VINAY
1485;52;CRAMANT
1486;52;AVIZE
1487;52;MAREUIL-LE-PORT
1488;52;REIMS
1489;52;TINQUEUX
1490;52;DIZY
1491;52;AY-CHAMPAGNE
1492;52;CORMONTREUIL
1493;52;SAINT BRICE COURCELLES
1494;52;CHIGNY-LES-ROSES
1495;52;SILLERY
1496;52;BETHENY
1497;52;BEZANNES
1498;52;FISMES
1499;52;WITRY-LES-REIMS
1500;52;MAGENTA
1501;52;AVENAY-VAL-D'OR
1502;53;NOGENT
1503;53;CHAUMONT
1504;53;LANGRES
1505;54;CHATEAU-GONTIER-SUR-MAYENNE
1506;54;CONGRIER
1507;54;LAVAL
1508;54;CHANGE
1509;54;ST FRAIMBAULT DE PRIERES
1510;54;MAYENNE
1511;55;ESSEY LES NANCY
1512;55;NANCY
1513;55;VANDOEUVRE LES NANCY
1514;55;PONT A MOUSSON
1515;55;SAINT MAX
1516;55;JARVILLE LA MALGRANGE
1517;55;MALZEVILLE
1518;55;VILLERS LES NANCY
1519;55;CHAMPIGNEULLES
1520;55;MEREVILLE
1521;55;PULNOY
1522;55;MAXEVILLE
1523;55;LAXOU
1524;55;FROUARD
1525;55;BOUXIERES-AUX-DAMES
1526;55;LANEUVEVILLE-DEVANT-NANCY
1527;55;CUSTINES
1528;55;TOMBLAINE
1529;55;RICHARDMENIL
1530;55;HEILLECOURT
1531;55;PONT-SAINT-VINCENT
1532;55;HAROUE
1533;55;VARANGEVILLE
1534;55;SAINT-NICOLAS-DE-PORT
1535;55;VAL DE BRIEY
1536;55;LONGWY
1537;55;TRIEUX
1538;55;GORCY
1539;55;HAUCOURT-MOULAINE
1540;55;JOEUF
1541;55;JARNY
1542;55;SAULNES
1543;55;HOMECOURT
1544;55;TUCQUEGNIEUX
1545;55;MONT SAINT MARTIN
1546;55;REHON
1547;55;AUBOUE
1548;55;LONGLAVILLE
1549;55;THIL
1550;55;LONGUYON
1551;55;HERSERANGE
1552;55;HUSSIGNY GODBRANGE
1553;55;VILLERUPT
1554;55;COSNES-ET-ROMAIN
1555;55;CONS-LA-GRANDVILLE
1556;55;HATRIZE
1557;55;VALLEROY
1558;55;LUNEVILLE
1559;55;VATHIMENIL
1560;55;DAMELEVIERES
1561;55;MONT-SUR-MEURTHE
1562;55;BLAINVILLE-SUR-L EAU
1563;55;FOUG
1564;55;PIERRE-LA-TREICHE
1565;55;ECROUVES
1566;55;TOUL
1567;55;DOMMARTIN-LES-TOUL
1568;55;VILLEY-SAINT-ETIENNE
1569;55;DOMGERMAIN
1570;55;THIAUCOURT-REGNIEVILLE
1571;56;BELLEVILLE SUR MEUSE
1572;56;VERDUN
1573;57;ARZON
1574;57;SAINT-AVE
1575;57;VANNES
1576;57;ARRADON
1577;57;PLOEREN
1578;57;PLOUHINEC
1579;57;GUIDEL
1580;57;GAVRES
1581;57;LARMOR-PLAGE
1582;57;LORIENT
1583;57;LOCMIQUELIC
1584;57;INZINZAC-LOCHRIST
1585;57;PORT-LOUIS
1586;57;GESTEL
1587;57;HENNEBONT
1588;57;PLOEMEUR
1589;57;LANESTER
1590;57;RIANTEC
1591;57;CLEGUER
1592;57;KERVIGNAC
1593;57;LANGUIDIC
1594;57;BRECH
1595;57;PLOEMEL
1596;57;AURAY
1597;57;CARNAC
1598;57;LOCMARIA
1599;57;LE PALAIS
1600;57;SAINT-PIERRE-QUIBERON
1601;57;QUIBERON
1602;57;BELZ
1603;57;LA TRINITE SUR MER
1604;57;ERDEVEN
1605;57;LE BONO
1606;57;ETEL
1607;57;SAUZON
1608;57;SAINTE-ANNE-D'AURAY
1609;57;SAINT-PHILIBERT
1610;57;PLUVIGNER
1611;57;PLUNERET
1612;57;PLOUHARNEL
1613;57;MALESTROIT
1614;57;PLOERMEL
1615;57;PONTIVY
1616;57;LIGNOL
1617;57;BAUD
1618;59;NEVERS
1619;59;FOURCHAMBAULT
1620;59;VARENNES-VAUZELLES
1621;59;IMPHY
1622;59;COULANGES LES NEVERS
1623;59;DECIZE
1624;59;SAINT ELOI
1625;60;LILLE
1626;60;LA MADELEINE
1627;60;LILLE
1628;60;MONS EN BAROEUL
1629;60;LAMBERSART
1630;60;FACHES THUMESNIL
1631;60;LILLE
1632;60;LILLE
1633;60;SAINT-ANDRE
1634;60;WAMBRECHIES
1635;60;RONCHIN
1636;60;MARQUETTE-LEZ-LILLE
1637;60;VILLENEUVE-D'ASCQ
1638;60;FOURNES-EN-WEPPES
1639;60;CROIX
1640;60;LYS LEZ LANNOY
1641;60;VILLENEUVE-D'ASCQ
1642;60;ROUBAIX
1643;60;WATTRELOS
1644;60;LILLE
1645;60;WAVRIN
1646;60;PHALEMPIN
1647;60;LESQUIN
1648;60;LANNOY
1649;60;ENNETIERES-EN-WEPPES
1650;60;LOOS
1651;60;SEQUEDIN
1652;60;ALLENNES-LES-MARAIS
1653;60;WATTIGNIES
1654;60;WASQUEHAL
1655;60;AVELIN
1656;60;WILLEMS
1657;60;HAUBOURDIN
1658;60;VILLENEUVE-D'ASCQ
1659;60;SECLIN
1660;60;PONT-A-MARCQ
1661;60;TEMPLEUVE EN PEVELE
1662;60;CYSOING
1663;60;HALLENNES-LEZ-HAUBOURDIN
1664;60;HEM
1665;60;BERSEE
1666;60;MOUVAUX
1667;60;MARCQ EN BAROEUL
1668;60;RONCQ
1669;60;TOURCOING
1670;60;ARMENTIERES
1671;60;PERENCHIES
1672;60;HALLUIN
1673;60;DEULEMONT
1674;60;NEUVILLE EN FERRAIN
1675;60;BONDUES
1676;60;LINSELLES
1677;60;QUESNOY SUR DEULE
1678;60;GRANDE-SYNTHE
1679;60;BAILLEUL
1680;60;HAZEBROUCK
1681;60;DOUAI
1682;60;LAMBRES LEZ DOUAI
1683;60;SIN LE NOBLE
1684;60;SOMAIN
1685;60;FAUMONT
1686;60;PECQUENCOURT
1687;60;MAUBEUGE
1688;60;CAUDRY
1689;60;CAMBRAI
1690;60;RAISMES
1691;60;VALENCIENNES
1692;60;MARLY
1693;60;SAINT-AMAND-LES-EAUX
1694;60;ANZIN
1695;60;HASNON
1696;60;TRITH-ST-LEGER
1697;60;DENAIN
1698;61;BEAUVAIS
1699;61;MERU
1700;61;TRIE CHATEAU
1701;61;BORNEL
1702;61;NOAILLES
1703;61;VALDAMPIERRE
1704;61;CHAUMONT-EN-VEXIN
1705;61;LABOISSIERE EN THELLE
1706;61;ANDEVILLE
1707;61;GOINCOURT
1708;61;STE GENEVIEVE
1709;61;LOCONVILLE
1710;61;RANTIGNY
1711;61;CLERMONT
1712;61;LIANCOURT
1713;61;FITZ JAMES
1714;61;LAIGNEVILLE
1715;61;MOUY
1716;61;CREVECOEUR LE GRAND
1717;61;LA RUE ST PIERRE
1718;61;COMPIEGNE
1719;61;MARGNY LES COMPIEGNE
1720;61;CLAIROIX
1721;61;NOYON
1722;61;RIBECOURT DRESLINCOURT
1723;61;LACROIX ST OUEN
1724;61;VENETTE
1725;61;LACHELLE
1726;61;ATTICHY
1727;61;JAUX
1728;61;THOUROTTE
1729;61;LE MEUX
1730;61;CAMBRONNE LES RIBECOURT
1731;61;ST VAAST LES MELLO
1732;61;PONT STE MAXENCE
1733;61;NOGENT SUR OISE
1734;61;CIRES LES MELLO
1735;61;SAINTINES
1736;61;DIEUDONNE
1737;61;PRECY SUR OISE
1738;61;SENLIS
1739;61;CHANTILLY
1740;61;GOUVIEUX
1741;61;CREIL
1742;61;NANTEUIL LE HAUDOUIN
1743;61;VILLERS ST PAUL
1744;61;LA CHAPELLE EN SERVAL
1745;61;FLEURINES
1746;61;VERNEUIL EN HALATTE
1747;61;MONTATAIRE
1748;61;CREPY EN VALOIS
1749;61;ORRY LA VILLE
1750;61;ST MAXIMIN
1751;61;AVILLY ST LEONARD
1752;61;LAMORLAYE
1753;61;ST LEU D ESSERENT
1754;61;BETHISY ST MARTIN
1755;61;VERBERIE
1756;61;THIVERNY
1757;61;CHAMBLY
1758;61;LEVIGNEN
1759;61;BORAN SUR OISE
1760;61;BETHISY ST PIERRE
1761;61;COYE LA FORET
1762;61;VINEUIL ST FIRMIN
1763;61;LE PLESSIS BELLEVILLE
1764;61;MORTEFONTAINE
1765;61;CRAMOISY
1766;61;GOUVIEUX
1767;61;PEROY LES GOMBRIES
1768;61;NEUILLY EN THELLE
1769;61;VER SUR LAUNETTE
1770;61;GOUVIEUX
1771;61;LE MESNIL EN THELLE
1772;61;PLAILLY
1773;62;ALENCON
1774;62;FLERS
1775;62;BAGNOLES DE L'ORNE NORMANDIE
1776;63;ARRAS
1777;63;ACHICOURT
1778;63;SAINT-NICOLAS
1779;63;ELEU-DIT-LEAUWETTE
1780;63;ANZIN-SAINT-AUBIN
1781;63;BEAURAINS
1782;63;AVION
1783;63;SAINTE-CATHERINE
1784;63;NEUVILLE-ST-VAAST
1785;63;SAVY-BERLETTE
1786;63;BIACHE-SAINT-VAAST
1787;63;BETHUNE
1788;63;DIVION
1789;63;HESDIGNEUL-LES-BETHUNE
1790;63;BEUVRY
1791;63;ISBERGUES
1792;63;AIX NOULETTE
1793;63;HARNES
1794;63;CARVIN
1795;63;MONTIGNY EN GOHELLE
1796;63;WINGLES
1797;63;LENS
1798;63;LOOS EN GOHELLE
1799;63;HENIN-BEAUMONT
1800;63;WIMEREUX
1801;63;NEUFCHATEL-HARDELOT
1802;63;ST MARTIN BOULOGNE
1803;63;CALAIS
1804;63;WISSANT
1805;63;BOULOGNE SUR MER
1806;63;MARQUISE
1807;63;BERCK
1808;63;LE TOUQUET PARIS PLAGE
1809;63;CUCQ
1810;63;MERLIMONT
1811;63;AIRE-SUR-LA-LYS
1812;63;BLENDECQUES
1813;63;SAINT OMER
1814;63;LONGUENESSE
1815;63;ARQUES
1816;64;RIOM
1817;64;CHATELGUYON
1818;64;PONTGIBAUD
1819;64;THIERS
1820;64;ISSOIRE
1821;64;SAINT-NECTAIRE
1822;64;BESSE-ET-SAINT-ANASTAISE
1823;64;MONTPEYROUX
1824;64;CHASTREIX
1825;65;PAU
1826;65;BILLERE
1827;65;LONS
1828;65;BIZANOS
1829;65;SERRES CASTET
1830;65;MIOSSENS LANUSSE
1831;65;JURANCON
1832;65;IDRON
1833;65;NAVARRENX
1834;65;MOURENX
1835;65;GELOS
1836;65;SAUVAGNON
1837;65;MAZEROLLES
1838;65;ORTHEZ
1839;65;LESCAR
1840;65;RONTIGNON
1841;65;MORLAAS
1842;65;DENGUIN
1843;65;LESTELLE BETHARRAM
1844;65;OLORON SAINTE MARIE
1845;65;REBENACQ
1846;65;EAUX BONNES
1847;65;MOUMOUR
1848;65;LARUNS
1849;65;NAY
1850;65;SEVIGNACQ MEYRACQ
1851;65;ARETTE
1852;65;BAYONNE
1853;65;BIARRITZ
1854;65;ANGLET
1855;65;USTARITZ
1856;65;SAINT-JEAN-DE-LUZ
1857;65;MAULEON LICHARRE
1858;65;HENDAYE
1859;65;LAHONCE
1860;65;BASSUSSARRY
1861;65;CIBOURE
1862;65;HASPARREN
1863;65;UHART-CIZE
1864;65;SAINT-PALAIS
1865;66;LOURDES
1866;66;ARGELES-GAZOST
1867;66;CAPVERN
1868;66;TARBES
1869;66;CAUTERETS
1870;66;SAINT-LARY-SOULAN
1871;66;ARREAU
1872;66;SAILHAN
1873;66;CAMPAN
1874;66;BAGNERES-DE-BIGORRE
1875;66;BAREGES
1876;66;ESQUIEZE-SERE
1877;66;SEMEAC
1878;66;LUZ-SAINT-SAUVEUR
1879;66;GERM
1880;66;ARAGNOUET
1881;66;ADE
1882;66;VIELLE-AURE
1883;67;ARGELES SUR MER
1884;67;ELNE
1885;67;CANET EN ROUSSILLON
1886;67;SAINTE-MARIE-LA-MER
1887;67;SAINT-CYPRIEN
1888;67;PERPIGNAN
1889;67;PERPIGNAN
1890;67;TORREILLES
1891;67;LE BARCARES
1892;67;CORNEILLA DEL VERCOL
1893;67;TOULOUGES
1894;67;ALENYA
1895;67;LES ANGLES
1896;67;BOLQUERE
1897;67;AMELIE LES BAINS
1898;67;CERET
1899;67;FONT-ROMEU ODEILLO-VIA
1900;67;RIVESALTES
1901;67;PUYVALADOR
1902;67;SAINT-PAUL-DE-FENOUILLET
1903;67;FORMIGUERES
1904;67;LE BOULOU
1905;70;ALBIGNY-SUR-SAONE
1906;70;LYON 2EME
1907;70;NEUVILLE SUR SAONE
1908;70;LYON 4EME
1909;70;LYON 5EME
1910;70;LYON 9EME
1911;70;QUINCIEUX
1912;70;CALUIRE ET CUIRE
1913;70;LYON 1ER
1914;70;RILLIEUX-LA-PAPE
1915;70;FONTAINES SUR SAONE
1916;70;GENAY
1917;70;FLEURIEU-SUR-SAONE
1918;70;COUZON-AU-MONT-D OR
1919;70;SATHONAY-CAMP
1920;70;CURIS-AU-MONT-D'OR
1921;70;CAILLOUX-SUR-FONTAINES
1922;70;ROCHETAILLEE-SUR-SAONE
1923;70;SAINT-ROMAIN-AU-MONT-D OR
1924;70;MONTANAY
1925;70;SATHONAY-VILLAGE
1926;70;SAINT-GERMAIN-AU-MONT-D OR
1927;70;LYON 3EME
1928;70;LYON 7EME
1929;70;LYON 6EME
1930;70;LYON 8EME
1931;70;MEYZIEU
1932;70;SAINT-PIERRE-DE-CHANDIEU
1933;70;VILLEURBANNE
1934;70;VENISSIEUX
1935;70;DECINES-CHARPIEU
1936;70;TERNAY
1937;70;VAULX EN VELIN
1938;70;SAINT-PRIEST
1939;70;MIONS
1940;70;ST FONS
1941;70;CHASSIEU
1942;70;BRON
1943;70;CORBAS
1944;70;GENAS
1945;70;SAINT-BONNET-DE-MURE
1946;70;SEREZIN-DU-RHONE
1947;70;FEYZIN
1948;70;SAINT-LAURENT-DE-MURE
1949;70;SOLAIZE
1950;70;SAINT-SYMPHORIEN-D'OZON
1951;70;TOUSSIEU
1952;70;SAINT-GENIS-LAVAL
1953;70;OULLINS
1954;70;LA MULATIERE
1955;70;SAINTE FOY LES LYON
1956;70;SOUCIEU EN JARREST
1957;70;BRIGNAIS
1958;70;CONDRIEU
1959;70;TALUYERS
1960;70;GRIGNY
1961;70;GIVORS
1962;70;IRIGNY
1963;70;AMPUIS
1964;70;SAINT LAURENT D'AGNY
1965;70;CHARLY
1966;70;PIERRE BENITE
1967;70;VERNAISON
1968;70;SAINTE-COLOMBE
1969;70;SAINT ROMAIN EN GAL
1970;70;ECHALAS
1971;70;MONTAGNY
1972;70;MORNANT
1973;70;CHAPONOST
1974;70;VOURLES
1975;70;FRANCHEVILLE
1976;70;COLLONGES-AU-MONT- D OR
1977;70;ECULLY
1978;70;DARDILLY
1979;70;CRAPONNE
1980;70;TASSIN-LA-DEMI-LUNE
1981;70;BRINDAS
1982;70;DUERNE
1983;70;MARCY-L ETOILE
1984;70;MARCILLY-D AZERGUES
1985;70;L ARBRESLE
1986;70;CHAMPAGNE-AU-MONT-D OR
1987;70;FLEURIEUX-SUR-L ARBRESLE
1988;70;GREZIEU-LA-VARENNE
1989;70;LIMONEST
1990;70;CHARBONNIERES-LES-BAINS
1991;70;SAIN-BEL
1992;70;LENTILLY
1993;70;CHASSELAY
1994;70;BRUSSIEU
1995;70;BULLY
1996;70;SAINT CYR AU MONT D OR
1997;70;SAINT GERMAIN NUELLES
1998;70;COURZIEU
1999;70;DOMMARTIN
2000;70;POLLIONNAY
2001;70;LA TOUR DE SALVAGNY
2002;70;SAINTE-FOY-L ARGENTIERE
2003;70;SAINT-DIDIER-AU-MONT-D OR
2004;70;SAINT SYMPHORIEN SUR COISE
2005;70;THURINS
2006;70;SARCEY
2007;70;VILLEFRANCHE
2008;70;THIZY LES BOURGS
2009;70;LOZANNE
2010;70;LIMAS
2011;70;ALIX
2012;70;ARNAS
2013;70;TARARE
2014;70;GLEIZE
2015;70;SAINT GEORGES DE RENEINS
2016;70;CHARENTAY
2017;70;ANSE
2018;70;LAMURE SUR AZERGUES
2019;70;SAINT-DIDIER-SUR-BEAUJEU
2020;70;BELLEVILLE-EN-BEAUJOLAIS
2021;70;SAINT-FORGEUX
2022;70;AMPLEPUIS
2023;70;VILLE SUR JARNIOUX
2024;70;SAINT-JULIEN
2025;70;LEGNY
2026;70;VAL D'OINGT
2027;70;CERCIE
2028;70;LUCENAY
2029;70;CHESSY
2030;70;MARCY
2031;71;LUXEUIL-LES-BAINS
2032;71;HERICOURT
2033;71;LURE
2034;71;SAINT-SAUVEUR
2035;71;CHALONVILLARS
2036;71;VILLERSEXEL
2037;71;CHAGEY
2038;71;VESOUL
2039;71;NOIDANS-LES-VESOUL
2040;71;NAVENNE
2041;71;RIOZ
2042;71;PUSEY
2043;71;ECHENOZ-LA-MELINE
2044;71;ARC-LES-GRAY
2045;72;MACON
2046;72;TOURNUS
2047;72;CLUNY
2048;72;MONTCHANIN
2049;72;SAINT-DESERT
2050;72;CHALON-SUR-SAONE
2051;72;GIVRY
2052;72;SAINT-REMY
2053;72;MONTCEAU LES MINES
2054;72;SAINT VALLIER
2055;72;CHAGNY
2056;72;CHAROLLES
2057;72;PARAY LE MONIAL
2058;72;CHAUFFAILLES
2059;72;DIGOIN
2060;72;AUTUN
2061;72;LE CREUSOT
2062;72;BLANZY
2063;72;SAINT SERNIN DU BOIS
2064;72;LOUHANS
2065;73;LE MANS
2066;73;RUAUDIN
2067;73;ALLONNES
2068;73;LE MANS
2069;73;PARIGNE L EVEQUE
2070;73;MULSANNE
2071;73;MONTVAL-SUR-LOIR
2072;73;MONTFORT-LE-GESNOIS
2073;73;SAINT CALAIS
2074;73;SAINT MARS D OUTILLE
2075;73;SABLE SUR SARTHE
2076;73;NOYEN SUR SARTHE
2077;73;LA FLECHE
2078;73;AUBIGNE RACAN
2079;73;CLERMONT CREANS
2080;73;LA FERTE BERNARD
2081;73;CHAMPFLEUR
2082;73;MAMERS
2083;73;BEAUMONT SUR SARTHE
2084;74;AIX LES BAINS
2085;74;LA PLAGNE TARENTAISE
2086;74;SAINT-JEOIRE-PRIEURE
2087;74;LES BELLEVILLE
2088;74;VAL CENIS
2089;74;EPIERRE
2090;74;ALBERTVILLE
2091;74;VALLOIRE
2092;74;SAINT FRANCOIS LONGCHAMP
2093;74;VALMEINIER
2094;74;LA RAVOIRE
2095;74;BARBY
2096;74;VAL-D ISERE
2097;74;LES ALLUES
2098;74;CHAMBERY
2099;74;MONTVALEZAN
2100;74;TIGNES
2101;74;MODANE
2102;74;AUSSOIS
2103;74;BOURG-SAINT-MAURICE
2104;74;MOUXY
2105;74;AIME LA PLAGNE
2106;74;BASSENS
2107;74;HAUTELUCE
2108;74;COURCHEVEL
2109;74;SAINT-JEAN-D ARVEY
2110;74;VILLARD SUR DORON
2111;74;ENTRELACS
2112;74;VOGLANS
2113;74;TRESSERVE
2114;74;FLUMET
2115;74;LA MOTTE SERVOLEX
2116;74;PRALOGNAN-LA-VANOISE
2117;74;LES AVANCHERS VALMOREL
2118;74;BARBERAZ
2119;74;ALBIEZ-MONTROND
2120;75;GAILLARD
2121;75;LA BALME DE SILLINGY
2122;75;ANNECY
2123;75;FAVERGES-SEYTHENEX
2124;75;ANNECY
2125;75;MANIGOD
2126;75;ANNECY
2127;75;LE GRAND BORNAND
2128;75;VALLEIRY
2129;75;VEYRIER-DU-LAC
2130;75;DOUSSARD
2131;75;ANNEMASSE
2132;75;ANNECY
2133;75;NEYDENS
2134;75;ARGONAY
2135;75;RUMILLY
2136;75;VETRAZ-MONTHOUX
2137;75;MONNETIER-MORNEX
2138;75;COLLONGES-SOUS-SALEVE
2139;75;VILLE-LA-GRAND
2140;75;LUCINGES
2141;75;BONNE
2142;75;POISY
2143;75;CHENEX
2144;75;SAINT-JULIEN-EN-GENEVOIS
2145;75;LA CLUSAZ
2146;75;THONES
2147;75;ANNECY
2148;75;ALLONZIER-LA-CAILLE
2149;75;EPAGNY METZ-TESSY
2150;75;DUINGT
2151;75;COPPONEX
2152;75;ARCHAMPS
2153;75;GROISY
2154;75;VIRY
2155;75;MENTHON-SAINT-BERNARD
2156;75;CHAMONIX MONT BLANC
2157;75;VIUZ-EN-SALLAZ
2158;75;PRAZ SUR ARLY
2159;75;LA ROCHE SUR FORON
2160;75;SCIONZIER
2161;75;COMBLOUX
2162;75;THYEZ
2163;75;LES CONTAMINES MONTJOIE
2164;75;MONT-SAXONNEX
2165;75;ONNION
2166;75;SAINT GERVAIS LES BAINS
2167;75;SALLANCHES
2168;75;ARACHES LA FRASSE
2169;75;SERVOZ
2170;75;TANINGES
2171;75;LES GETS
2172;75;MEGEVE
2173;75;BONNEVILLE
2174;75;PASSY
2175;75;CLUSES
2176;75;MORILLON
2177;75;MARIGNIER
2178;75;SAMOENS
2179;75;VALLORCINE
2180;75;DEMI-QUARTIER
2181;75;CORNIER
2182;75;LES HOUCHES
2183;75;PASSY
2184;75;LA TOUR
2185;75;MIEUSSY
2186;75;AMANCY
2187;75;VERCHAIX
2188;75;SAINT-JEOIRE
2189;75;CORDON
2190;75;SAINT-PIERRE-EN-FAUCIGNY
2191;75;CONTAMINE-SUR-ARVE
2192;75;GLIERES-VAL-DE-BORNE
2193;75;MARNAZ
2194;75;EVIAN-LES-BAINS
2195;75;SAINT-PAUL-EN-CHABLAIS
2196;75;SAINT-JEAN-D'AULPS
2197;77;SAINT-ETIENNE-DU-ROUVRAY
2198;77;ROUEN
2199;77;ROUEN
2200;77;MESNIL-ESNARD (LE)
2201;77;GRAND QUEVILLY (LE)
2202;77;BONSECOURS
2203;77;PETIT QUEVILLY (LE)
2204;77;PETIT-COURONNE (LE)
2205;77;SOTTEVILLE-LES-ROUEN
2206;77;CAUDEBEC-LES-ELBEUF
2207;77;ELBEUF
2208;77;TOURVILLE-LA-RIVIERE
2209;77;SAINT PIERRE LES ELBEUF
2210;77;AMFREVILLE-LA-MIVOIE
2211;77;MONT-SAINT-AIGNAN
2212;77;MAROMME
2213;77;DARNETAL
2214;77;CANTELEU
2215;77;BARENTIN
2216;77;BOIS GUILLAUME
2217;77;SAINT-LEGER-DU-BOURG-DENIS
2218;77;DEVILLE-LES-ROUEN
2219;77;BIHOREL
2220;77;NOTRE-DAME-DE-BONDEVILLE
2221;77;VILLERS ECALLES
2222;77;DIEPPE
2223;77;ARQUES-LA-BATAILLE
2224;77;LE TREPORT
2225;77;EU
2226;77;DIEPPE
2227;77;LE HAVRE
2228;77;LE HAVRE
2229;77;LE HAVRE
2230;77;STE ADRESSE
2231;77;HARFLEUR
2232;77;MONTIVILLIERS
2233;77;GRUCHET-LE-VALASSE
2234;77;SAINT-ROMAIN-DE-COLBOSC
2235;77;SAINT-LAURENT-DE-BREVEDENT
2236;77;FECAMP
2237;77;LANQUETOT
2238;77;LILLEBONNE
2239;77;ETRETAT
2240;77;PORT-JEROME-SUR-SEINE
2241;77;GONFREVILLE L ORCHER
2242;77;MANIQUERVILLE
2243;77;BOLBEC
2244;77;BREAUTE
2245;77;FORGES-LES-EAUX
2246;77;GOURNAY-EN-BRAY
2247;77;RIVES-EN-SEINE
2248;77;SAINT-VALERY-EN-CAUX
2249;77;YVETOT
2250;77;SAINT-PIERRE-EN-PORT
2251;77;SAINT MARTIN AUX BUNEAUX
2252;77;YERVILLE
2253;77;GREMONVILLE
2254;78;SERVON
2255;78;OZOIR LA FERRIERE
2256;78;MELUN
2257;78;TOURNAN-EN-BRIE
2258;78;VAUX-LE-PENIL
2259;78;LE MEE SUR SEINE
2260;78;BRIE COMTE ROBERT
2261;78;CHAMPEAUX
2262;78;COMBS LA VILLE
2263;78;LIEUSAINT
2264;78;SAINT-FARGEAU-PONTHIERRY
2265;78;LESIGNY
2266;78;BARBIZON
2267;78;GRETZ-ARMAINVILLIERS
2268;78;REAU
2269;78;SAVIGNY-LE-TEMPLE
2270;78;NANDY
2271;78;PRESLES-EN-BRIE
2272;78;PONTAULT COMBAULT
2273;78;GUIGNES
2274;78;CHARTRETTES
2275;78;DAMMARIE LES LYS
2276;78;CESSON
2277;78;GRISY-SUISNES
2278;78;CHATELET-EN-BRIE (LE)
2279;78;ROCHETTE(LA)
2280;78;MACHAULT
2281;78;ROISSY-EN-BRIE
2282;78;PRINGY
2283;78;SOLERS
2284;78;MOISSY-CRAMAYEL
2285;78;MONTEREAU FAULT YONNE
2286;78;SAINT-PIERRE-LES-NEMOURS
2287;78;MONTIGNY-SUR-LOING
2288;78;FONTAINEBLEAU
2289;78;ANDREZEL
2290;78;AVON
2291;78;BOMBON
2292;78;NEMOURS
2293;78;SOIGNOLLES-EN-BRIE
2294;78;HERICY
2295;78;COUBERT
2296;78;MORET-LOING-ET-ORVANNE
2297;78;SAMOIS SUR SEINE
2298;78;NOISY-SUR-ECOLE
2299;78;CHEVRY-COSSIGNY
2300;78;EVRY-GREGY-SUR-YERRE
2301;78;CHAUMES-EN-BRIE
2302;78;CHAMPAGNE SUR SEINE
2303;78;SEINE-PORT
2304;78;FAVIERES
2305;78;MORMANT
2306;78;VOULX
2307;78;ACHERES-LA-FORET
2308;78;CHAMPDEUIL
2309;78;SOUPPES-SUR-LOING
2310;78;PONTCARRE
2311;78;SAINT-MAMMES
2312;78;SAINT-SAUVEUR-SUR-ECOLE
2313;78;SIVRY-COURTRY
2314;78;BOIS LE ROI
2315;78;SAINT-MARTIN-EN-BIERE
2316;78;REBAIS
2317;78;FONTENAY-TRESIGNY
2318;78;COULOMMIERS
2319;78;QUINCY-VOISINS
2320;78;JOUY-SUR-MORIN
2321;78;LA FERTE SOUS JOUARRE
2322;78;ESBLY
2323;78;CITRY
2324;78;CROUY-SUR-OURCQ
2325;78;MORTCERF
2326;78;ROZAY-EN-BRIE
2327;78;MARY-SUR-MARNE
2328;78;COUILLY-PONT-AUX-DAMES
2329;78;CRECY LA CHAPELLE
2330;78;BASSEVELLE
2331;78;CONDE-SAINTE-LIBIAIRE
2332;78;FERTE-GAUCHER (LA)
2333;78;VILLENEUVE-SAINT-DENIS
2334;78;DOUY-LA-RAMEE
2335;78;SAINT-SIMEON
2336;78;BEAUTHEIL-SAINTS
2337;78;VILLIERS-SUR-MORIN
2338;78;JOUARRE
2339;78;CANNES-ECLUSE
2340;78;GENEVRAYE (LA)
2341;78;CLAYE-SOUILLY
2342;78;MEAUX
2343;78;SAINT THIBAULT DES VIGNES
2344;78;TORCY
2345;78;CHELLES
2346;78;VILLEPARISIS
2347;78;LONGPERRIER
2348;78;BUSSY-SAINT-GEORGES
2349;78;SERRIS
2350;78;MONTEVRAIN
2351;78;NOISIEL
2352;78;ANNET-SUR-MARNE
2353;78;POMPONNE
2354;78;COLLEGIEN
2355;78;VARREDDES
2356;78;LAGNY-SUR-MARNE
2357;78;CHAMPS-SUR-MARNE
2358;78;EMERAINVILLE
2359;78;BUSSY-SAINT-MARTIN
2360;78;SAINT-PATHUS
2361;78;DAMMARTIN-EN-GOELE
2362;78;VAIRES SUR MARNE
2363;78;LOGNES
2364;78;CHANTELOUP EN BRIE
2365;78;MAGNY-LE-HONGRE
2366;78;COUPVRAY
2367;78;VILLENOY
2368;78;THORIGNY SUR MARNE
2369;78;BAILLY-ROMAINVILLIERS
2370;78;LE PIN
2371;78;CREGY-LES-MEAUX
2372;78;CHESSY
2373;78;VILLENEUVE SOUS DAMMARTIN
2374;78;BROU-SUR-CHANTEREINE
2375;78;VILLEVAUDE
2376;78;FERRIERES-EN-BRIE
2377;78;MITRY MORY
2378;78;NANTEUIL-LES-MEAUX
2379;78;DAMPMART
2380;78;NANTOUILLET
2381;78;CHARMENTRAY
2382;78;TRILPORT
2383;78;SAINT-MARD
2384;78;SAINT-SOUPPLETS
2385;78;OISSERY
2386;78;OTHIS
2387;78;JOSSIGNY
2388;78;COURTRY
2389;78;CROISSY-BEAUBOURG
2390;78;TRILBARDOU
2391;78;GOUVERNES
2392;78;POINCY
2393;78;CARNETIN
2394;78;CHAUCONIN-NEUFMONTIERS
2395;78;GUERMANTES
2396;78;CHAMBRY
2397;78;MESSY
2398;78;THIEUX
2399;78;ISLES-LES-VILLENOY
2400;78;PROVINS
2401;78;GASTINS
2402;78;NANGIS
2403;78;MOUY-SUR-SEINE
2404;78;ORMES-SUR-VOULZIE (LES)
2405;78;MOUSSEAUX-LES-BRAY
2406;78;MAISON-ROUGE
2407;79;VERSAILLES
2408;79;SAINT-CYR-L ECOLE
2409;79;BOIS D ARCY
2410;79;VIROFLAY
2411;79;MONTIGNY LE BRETONNEUX
2412;79;VELIZY VILLACOUBLAY
2413;79;TRAPPES
2414;79;GUYANCOURT
2415;79;FONTENAY LE FLEURY
2416;79;LE CHESNAY-ROCQUENCOURT
2417;79;JOUY EN JOSAS
2418;79;BUC
2419;79;CHATEAUFORT
2420;79;MARLY-LE-ROI
2421;79;VESINET (LE)
2422;79;PLAISIR
2423;79;CLAYES-SOUS-BOIS (LES)
2424;79;MAISONS-LAFFITTE
2425;79;SARTROUVILLE
2426;79;LOUVECIENNES
2427;79;CROISSY SUR SEINE
2428;79;CARRIERES SUR SEINE
2429;79;HOUILLES
2430;79;ETANG-LA-VILLE (L )
2431;79;CHATOU
2432;79;VILLEPREUX
2433;79;PORT-MARLY (LE)
2434;79;MONTESSON
2435;79;MESNIL-LE-ROI (LE)
2436;79;BOUGIVAL
2437;79;CELLE-SAINT-CLOUD (LA)
2438;79;NOISY LE ROI
2439;79;SAINT-NOM-LA-BRETECHE
2440;79;CHAVENAY
2441;79;BAILLY
2442;79;FEUCHEROLLES
2443;79;CONFLANS SAINTE HONORINE
2444;79;MAURECOURT
2445;79;PECQ (LE)
2446;79;ANDRESY
2447;79;SAINT-GERMAIN-EN-LAYE
2448;79;ORGEVAL
2449;79;MAULE
2450;79;POISSY
2451;79;TRIEL SUR SEINE
2452;79;MEULAN-EN-YVELINES
2453;79;CARRIERES SOUS POISSY
2454;79;VERNEUIL SUR SEINE
2455;79;MUREAUX (LES)
2456;79;ACHERES
2457;79;MAREIL-MARLY
2458;79;VILLENNES-SUR-SEINE
2459;79;VERNOUILLET
2460;79;AUBERGENVILLE
2461;79;BOUAFLE
2462;79;CHANTELOUP-LES-VIGNES
2463;79;MORAINVILLIERS
2464;79;ECQUEVILLY
2465;79;SAINT-GERMAIN-EN-LAYE
2466;79;VAUX-SUR-SEINE
2467;79;MEZY-SUR-SEINE
2468;79;CHAMBOURCY
2469;79;CRESPIERES
2470;79;NEZEL
2471;79;FLINS-SUR-SEINE
2472;79;EPONE
2473;79;MANTES-LA-JOLIE
2474;79;BUCHELAY
2475;79;MEZIERES-SUR-SEINE
2476;79;MANTES-LA-VILLE
2477;79;HOUDAN
2478;79;FONTENAY-SAINT-PERE
2479;79;LIMAY
2480;79;ISSOU
2481;79;FRENEUSE
2482;79;MAULETTE
2483;79;PERDREAUVILLE
2484;79;BENNECOURT
2485;79;GARGENVILLE
2486;79;SEPTEUIL
2487;79;RICHEBOURG
2488;79;BONNIERES-SUR-SEINE
2489;79;LIMETZ-VILLEZ
2490;79;GUERVILLE
2491;79;JUZIERS
2492;79;SAINT-MARTIN-DES-CHAMPS
2493;79;MAGNANVILLE
2494;79;ORVILLIERS
2495;79;MAUREPAS
2496;79;ELANCOURT
2497;79;CERNAY-LA-VILLE
2498;79;MESNIL-SAINT-DENIS (LE)
2499;79;MAGNY-LES-HAMEAUX
2500;79;RAMBOUILLET
2501;79;SAINT-LEGER-EN-YVELINES
2502;79;ESSARTS-LE-ROI (LES)
2503;79;BEYNES
2504;79;THOIRY
2505;79;JOUARS-PONTCHARTRAIN
2506;79;GALLUIS
2507;79;SAINT-GERMAIN-DE-LA-GRANGE
2508;79;NEAUPHLE-LE-CHATEAU
2509;79;CHEVREUSE
2510;79;SAINT-ARNOULT-EN-YVELINES
2511;79;MAREIL-LE-GUYON
2512;79;MESNULS (LES)
2513;79;SAINT-REMY-LES-CHEVREUSE
2514;79;VOISINS-LE-BRETONNEUX
2515;79;QUEUE-LES-YVELINES (LA)
2516;79;GAZERAN
2517;79;COIGNIERES
2518;79;MONTFORT-L AMAURY
2519;79;BULLION
2520;79;VILLIERS-SAINT-FREDERIC
2521;79;PERRAY-EN-YVELINES (LE)
2522;79;TREMBLAY-SUR-MAULDRE (LE)
2523;79;BONNELLES
2524;79;VERRIERE (LA)
2525;79;ROCHEFORT-EN-YVELINES
2526;79;DAMPIERRE-EN-YVELINES
2527;80;PARTHENAY
2528;80;NIORT
2529;80;EXIREUIL
2530;80;CHAURAY
2531;80;ST MAIXENT L ECOLE
2532;80;LES FORGES
2533;80;BRESSUIRE
2534;80;FRONTENAY-ROHAN-ROHAN
2535;81;AMIENS
2536;81;AMIENS
2537;81;LONGUEAU
2538;81;SAINT-FUSCIEN
2539;81;AMIENS
2540;81;CORBIE
2541;81;CAMON
2542;81;PLACHY-BUYON
2543;81;FORT-MAHON-PLAGE
2544;81;LE CROTOY
2545;81;CAYEUX-SUR-MER
2546;81;DOULLENS
2547;81;QUEND
2548;81;FRIVILLE-ESCARBOTIN
2549;81;MERS-LES-BAINS
2550;81;AULT
2551;81;ABBEVILLE
2552;81;WOIGNARUE
2553;81;SAINT-VALERY-SUR-SOMME
2554;81;ROYE
2555;81;MEHARICOURT
2556;81;AILLY-SUR-NOYE
2557;81;ALBERT
2558;81;PERONNE
2559;82;ALBI
2560;82;LISLE-SUR-TARN
2561;82;SAINT JUERY
2562;82;CASTRES
2563;82;MAZAMET
2564;82;SAINT-SULPICE-LA-POINTE
2565;83;MOISSAC
2566;83;MONTAUBAN
2567;83;LA VILLE DIEU DU TEMPLE
2568;83;CASTELSARRASIN
2569;83;BEAUMONT DE LOMAGNE
2570;83;ST-ETIENNE-DE-TULMONT
2571;83;MONTECH
2572;83;MONTBETON
2573;83;VERDUN-SUR-GARONNE
2574;83;CAUSSADE
2575;83;SAINT ANTONIN NOBLE VAL
2576;83;GRISOLLES
2577;84;FREJUS
2578;84;DRAGUIGNAN
2579;84;GRIMAUD
2580;84;SAINT RAPHAEL
2581;84;COGOLIN
2582;84;SAINT TROPEZ
2583;84;ROQUEBRUNE-SUR-ARGENS
2584;84;LA CROIX VALMER
2585;84;SAINTE MAXIME
2586;84;ROQUEBRUNE-SUR-ARGENS
2587;84;LE MUY
2588;84;PUGET-SUR-ARGENS
2589;84;RAMATUELLE
2590;84;SAINT RAPHAEL
2591;84;CAVALAIRE-SUR-MER
2592;84;FREJUS
2593;84;LES ADRETS DE L ESTEREL
2594;84;BAGNOLS-EN-FORET
2595;84;ENTRECASTEAUX
2596;84;CALLIAN
2597;84;BRIGNOLES
2598;84;FAYENCE
2599;84;SEILLANS
2600;84;LORGUES
2601;84;BARJOLS
2602;84;MONTAUROUX
2603;84;TOURVES
2604;84;GAREOULT
2605;84;BARGEMON
2606;84;CLAVIERS
2607;84;LE CANNET DES MAURES
2608;84;TOURRETTES
2609;84;GONFARON
2610;84;LES ARCS
2611;84;RIANS
2612;84;ROCBARON
2613;84;LE LUC
2614;84;MONTFORT SUR ARGENS
2615;84;SALERNES
2616;84;VIDAUBAN
2617;84;CABASSE
2618;84;ROUGIERS
2619;84;MONTFERRAT
2620;84;TOURTOUR
2621;84;ST MAXIMIN LA STE BAUME
2622;84;LA GARDE
2623;84;LA SEYNE SUR MER
2624;84;TOULON
2625;84;TOULON
2626;84;SIX-FOURS-LES-PLAGES
2627;84;LA VALETTE DU VAR
2628;84;LE PRADET
2629;84;TOULON
2630;84;SAINT-MANDRIER-SUR-MER
2631;84;LE REVEST LES EAUX
2632;84;LE LAVANDOU
2633;84;CARQUEIRANNE
2634;84;BANDOL
2635;84;SANARY SUR MER
2636;84;SOLLIES-PONT
2637;84;HYERES
2638;84;LE BEAUSSET
2639;84;SAINT-CYR-SUR-MER
2640;84;LA LONDE LES MAURES
2641;84;LA CADIERE D AZUR
2642;84;OLLIOULES
2643;84;BORMES-LES-MIMOSAS
2644;84;LA FARLEDE
2645;84;LA CRAU
2646;84;PUGET-VILLE
2647;84;CUERS
2648;84;EVENOS
2649;84;PIERREFEU-DU-VAR
2650;84;BELGENTIER
2651;84;SOLLIES-VILLE
2652;84;SOLLIES-TOUCAS
2653;84;CARNOULES
2654;84;SIGNES
2655;84;LE CASTELLET
2656;84;COLLOBRIERES
2657;85;CARPENTRAS
2658;85;AVIGNON
2659;85;MONTEUX
2660;85;AVIGNON
2661;85;BEDOIN
2662;85;SORGUES
2663;85;LE PONTET
2664;85;MORIERES LES AVIGNON
2665;85;PERNES LES FONTAINES
2666;85;BEDARRIDES
2667;85;SARRIANS
2668;85;VEDENE
2669;85;COURTHEZON
2670;85;AUBIGNAN
2671;85;ENTRAIGUES-SUR-LA-SORGUE
2672;85;CAROMB
2673;85;MALEMORT-DU-COMTAT
2674;85;VILLELAURE
2675;85;APT
2676;85;L ISLE SUR LA SORGUE
2677;85;PERTUIS
2678;85;LAURIS
2679;85;CAVAILLON
2680;85;LE THOR
2681;85;LA TOUR D AIGUES
2682;85;SAUMANE-DE-VAUCLUSE
2683;85;VIENS
2684;85;SAINT-SATURNIN LES APT
2685;85;CHATEAUNEUF-DE-GADAGNE
2686;85;LA BASTIDE DES JOURDANS
2687;85;MERINDOL
2688;85;ORANGE
2689;85;SAINTE-CECILE-LES-VIGNES
2690;85;BOLLENE
2691;85;JONQUIERES
2692;85;VACQUEYRAS
2693;85;VAISON-LA-ROMAINE
2694;85;VISAN
2695;85;BARROUX (LE)
2696;85;MORNAS
2697;85;MALAUCENE
2698;85;BEAUMES-DE-VENISE
2699;85;CHATEAUNEUF-DU-PAPE
2700;85;SERIGNAN-DU-COMTAT
2701;86;ROCHE SUR YON (LA)
2702;86;SAINT-PHILBERT-DE-BOUAINE
2703;86;ESSARTS EN BOCAGE
2704;86;MONTAIGU-VENDEE
2705;86;CHANTONNAY
2706;86;BROUZILS (LES)
2707;86;ROCHESERVIERE
2708;86;SAINT-FULGENT
2709;86;HERBIERS (LES)
2710;86;MORTAGNE-SUR-SEVRE
2711;86;FONTENAY-LE-COMTE
2712;86;LUCON
2713;86;AIGUILLON-SUR-MER (L )
2714;86;LONGEVILLE-SUR-MER
2715;86;TALMONT-SAINT-HILAIRE
2716;86;BRETIGNOLLES-SUR-MER
2717;86;SAINT-HILAIRE-DE-RIEZ
2718;86;SABLES-D'OLONNE (LES)
2719;86;SABLES-D'OLONNE (LES)
2720;86;SAINT-GILLES-CROIX-DE-VIE
2721;86;FAUTE-SUR-MER (LA)
2722;86;TRANCHE-SUR-MER (LA)
2723;86;JARD-SUR-MER
2724;86;SABLES-D'OLONNE (LES)
2725;86;SAINT-VINCENT-SUR-JARD
2726;86;VAIRE
2727;86;LES ACHARDS
2728;86;CHALLANS
2729;86;BEAUVOIR-SUR-MER
2730;86;NOIRMOUTIER-EN-L'ILE
2731;86;SAINT-JEAN-DE-MONTS
2732;86;NOTRE-DAME-DE-MONTS
2733;86;BARBATRE
2734;86;BARRE-DE-MONTS (LA)
2735;87;POITIERS
2736;87;CHASSENEUIL-DU-POITOU
2737;87;MIGNALOUX-BEAUVOIR
2738;87;FONTAINE-LE-COMTE
2739;87;BUXEROLLES
2740;87;CHATELLERAULT
2741;87;LA ROCHE POSAY
2742;87;BOURESSE
2743;87;CHAUVIGNY
2744;88;ISLE
2745;88;LIMOGES
2746;88;LIMOGES
2747;88;ST YRIEIX LA PERCHE
2748;88;ST-LEONARD-DE-NOBLAT
2749;88;BESSINES-SUR-GARTEMPE
2750;88;LIMOGES
2751;88;COUZEIX
2752;89;GOLBEY
2753;89;EPINAL
2754;89;HADOL
2755;89;DARNIEULLES
2756;89;VITTEL
2757;89;CAPAVENIR VOSGES
2758;89;DAMAS-ET-BETTEGNEY
2759;89;CHANTRAINE
2760;89;DEYVILLERS
2761;89;LONGCHAMP
2762;89;CONTREXEVILLE
2763;89;MIRECOURT
2764;89;NEUFCHATEAU
2765;89;CHENIMENIL
2766;89;PIERREFITTE
2767;89;LES FORGES
2768;89;GIRANCOURT
2769;89;LIFFOL-LE-GRAND
2770;89;LAVELINE-DEVANT-BRUYERES
2771;89;RAMBERVILLERS
2772;89;JEUXEY
2773;89;FRAIZE
2774;89;PLAINFAING
2775;89;RAON L ETAPE
2776;89;XONRUPT-LONGEMER
2777;89;GERARDMER
2778;89;PAIR-ET-GRANDRUPT
2779;89;SAINT DIE DES VOSGES
2780;89;SAINTE-MARGUERITE
2781;89;SAULCY-SUR-MEURTHE
2782;89;MOYENMOUTIER
2783;89;GERBEPAL
2784;89;LA FORGE
2785;89;VENTRON
2786;89;BUSSANG
2787;89;LA BRESSE
2788;89;REMIREMONT
2789;89;RAMONCHAMP
2790;89;RUPT-SUR-MOSELLE
2791;89;SAINT-NABORD
2792;89;LE THILLOT
2793;89;VAGNEY
2794;89;SAPOIS
2795;89;CORNIMONT
2796;89;ST-ETIENNE-LES-REMIREMONT
2797;89;POUXEUX
2798;90;AUXERRE
2799;90;ST GEORGES SUR BAULCHE
2800;90;TONNERRE
2801;90;CHEVANNES
2802;90;VENOY
2803;90;MONTREAL
2804;90;AVALLON
2805;90;VILLENEUVE SUR YONNE
2806;90;PARON
2807;90;ST CLEMENT
2808;90;SENS
2809;90;SAVIGNY SUR CLAIRIS
2810;90;ST VALERIEN
2811;90;MALAY LE GRAND
2812;90;THORIGNY-SUR-OREUSE
2813;90;CHEROY
2814;91;BELFORT
2815;91;OFFEMONT
2816;91;BEAUCOURT
2817;92;BONDOUFLE
2818;92;CORBEIL ESSONNES
2819;92;BOUSSY-SAINT-ANTOINE
2820;92;BRUNOY
2821;92;EVRY-COURCOURONNES
2822;92;ETIOLLES
2823;92;MENNECY
2824;92;VILLABE
2825;92;YERRES
2826;92;COUDRAY-MONTCEAUX (LE)
2827;92;BALLANCOURT-SUR-ESSONNE
2828;92;SAINT-PIERRE-DU-PERRAY
2829;92;DRAVEIL
2830;92;VARENNES-JARCY
2831;92;CROSNE
2832;92;MONTGERON
2833;92;SOISY-SUR-SEINE
2834;92;VIGNEUX SUR SEINE
2835;92;FONTENAY-LE-VICOMTE
2836;92;SAINT-GERMAIN-LES-CORBEIL
2837;92;LISSES
2838;92;SAINTRY-SUR-SEINE
2839;92;RIS-ORANGIS
2840;92;VERT LE PETIT
2841;92;EPINAY-SOUS-SENART
2842;92;QUINCY-SOUS-SENART
2843;92;EVRY-COURCOURONNES
2844;92;ORMOY
2845;92;TIGERY
2846;92;CHAMPCUEIL
2847;92;VERT LE GRAND
2848;92;SAVIGNY-SUR-ORGE
2849;92;ATHIS MONS
2850;92;JUVISY SUR ORGE
2851;92;SAINTE-GENEVIEVE-DES-BOIS
2852;92;LONGJUMEAU
2853;92;MASSY
2854;92;MORANGIS
2855;92;WISSOUS
2856;92;CHILLY MAZARIN
2857;92;SAULX-LES-CHARTREUX
2858;92;BALLAINVILLIERS
2859;92;VIRY CHATILLON
2860;92;VILLIERS-SUR-ORGE
2861;92;MORSANG-SUR-ORGE
2862;92;GRIGNY
2863;92;VILLEMOISSON-S-ORGE
2864;92;PARAY-VIEILLE-POSTE
2865;92;EPINAY SUR ORGE
2866;92;CHAMPLAN
2867;92;FLEURY-MEROGIS
2868;92;SAINT-MICHEL-SUR-ORGE
2869;92;MONTLHERY
2870;92;LINAS
2871;92;BRETIGNY SUR ORGE
2872;92;CHEPTAINVILLE
2873;92;ARPAJON
2874;92;SAINT-VRAIN
2875;92;EGLY
2876;92;LONGPONT-SUR-ORGE
2877;92;LA NORVILLE
2878;92;BRUYERES-LE-CHATEL
2879;92;SAINT-GERMAIN-LES-ARPAJON
2880;92;OLLAINVILLE
2881;92;LEUVILLE-SUR-ORGE
2882;92;LE PLESSIS PATE
2883;92;LEUDEVILLE
2884;92;MAROLLES-EN-HUREPOIX
2885;92;ETAMPES
2886;92;BOUTIGNY-SUR-ESSONNE
2887;92;BOISSY-SOUS-SAINT-YON
2888;92;ORMOY-LA-RIVIERE
2889;92;ETRECHY
2890;92;SOISY-SUR-ECOLE
2891;92;DOURDAN
2892;92;SACLAS
2893;92;MILLY-LA-FORET
2894;92;PUSSAY
2895;92;ROINVILLE-SOUS-DOURDAN
2896;92;BAULNE
2897;92;CORBREUSE
2898;92;FERTE-ALAIS (LA)
2899;92;CERNY
2900;92;MORIGNY-CHAMPIGNY
2901;92;GUIGNEVILLE
2902;92;LARDY
2903;92;D   HUISON LONGUEVILLE
2904;92;BOURAY-SUR-JUINE
2905;92;COURANCES
2906;92;BREUILLET
2907;92;BRIERES-LES-SCELLES
2908;92;MAISSE
2909;92;VAL-SAINT-GERMAIN (LE)
2910;92;SAINT-CYR-SOUS-DOURDAN
2911;92;ITTEVILLE
2912;92;SAINT-YON
2913;92;CHAMARANDE
2914;92;VAYRES-SUR-ESSONNE
2915;92;BOISSY-LE-CUTTE
2916;92;VILLENEUVE-SUR-AUVERS
2917;92;ANGERVILLIERS
2918;92;ANGERVILLE
2919;92;MARCOUSSIS
2920;92;BRIIS-SOUS-FORGES
2921;92;ORSAY
2922;92;GIF SUR YVETTE
2923;92;PALAISEAU
2924;92;FORGES-LES-BAINS
2925;92;LES ULIS
2926;92;BIEVRES
2927;92;NOZAY
2928;92;BURES SUR YVETTE
2929;92;LIMOURS
2930;92;IGNY
2931;92;VERRIERES LE BUISSON
2932;92;VILLE-DU-BOIS (LA)
2933;92;VILLEBON SUR YVETTE
2934;92;VAUGRIGNEUSE
2935;92;GOMETZ-LA-VILLE
2936;92;VILLIERS-LE-BACLE
2937;92;GOMETZ-LE-CHATEL
2938;92;VILLEJUST
2939;92;SAINT-JEAN-DE-BEAUREGARD
2940;92;SACLAY
2941;93;PUTEAUX
2942;93;RUEIL-MALMAISON
2943;93;SURESNES
2944;93;NANTERRE
2945;93;COURBEVOIE
2946;93;BOIS-COLOMBES
2947;93;LA GARENNE-COLOMBES
2948;93;ASNIERES-SUR-SEINE
2949;93;GENNEVILLIERS
2950;93;COLOMBES
2951;93;VILLENEUVE-LA-GARENNE
2952;93;LEVALLOIS-PERRET
2953;93;CLICHY
2954;93;NEUILLY-SUR-SEINE
2955;93;BOULOGNE-BILLANCOURT
2956;93;VAUCRESSON
2957;93;GARCHES
2958;93;SAINT-CLOUD
2959;93;MEUDON
2960;93;SEVRES
2961;93;BOULOGNE-BILLANCOURT
2962;93;MEUDON
2963;93;VILLE-D'AVRAY
2964;93;CHAVILLE
2965;93;CHATENAY-MALABRY
2966;93;BOURG-LA-REINE
2967;93;ISSY-LES-MOULINEAUX
2968;93;MONTROUGE
2969;93;FONTENAY-AUX-ROSES
2970;93;CLAMART
2971;93;ANTONY
2972;93;VANVES
2973;93;SCEAUX
2974;93;LE PLESSIS-ROBINSON
2975;93;CHATILLON
2976;93;BAGNEUX
2977;93;MALAKOFF
2978;94;LE PRE-SAINT-GERVAIS
2979;94;ROMAINVILLE
2980;94;LES LILAS
2981;94;BAGNOLET
2982;94;NOISY-LE-SEC
2983;94;BOBIGNY
2984;94;LES PAVILLONS-SOUS-BOIS
2985;94;DRANCY
2986;94;BONDY
2987;94;PANTIN
2988;94;SAINT-OUEN-SUR-SEINE
2989;94;AUBERVILLIERS
2990;94;SAINT-DENIS
2991;94;LA COURNEUVE
2992;94;EPINAY SUR SEINE
2993;94;SAINT-DENIS
2994;94;PIERREFITTE-SUR-SEINE
2995;94;STAINS
2996;94;LE BOURGET
2997;94;VILLETANEUSE
2998;94;L'ILE-SAINT-DENIS
2999;94;DUGNY
3000;94;VAUJOURS
3001;94;TREMBLAY-EN-FRANCE
3002;94;COUBRON
3003;94;SEVRAN
3004;94;CLICHY SOUS BOIS
3005;94;LIVRY-GARGAN
3006;94;AULNAY SOUS BOIS
3007;94;VILLEPINTE
3008;94;LE BLANC-MESNIL
3009;94;NEUILLY-SUR-MARNE
3010;94;NEUILLY-PLAISANCE
3011;94;GAGNY
3012;94;NOISY-LE-GRAND
3013;94;GOURNAY SUR MARNE
3014;94;LE RAINCY
3015;94;MONTFERMEIL
3016;94;MONTREUIL
3017;94;ROSNY-SOUS-BOIS
3018;94;VILLEMOMBLE
3019;95;ST MAURICE
3020;95;SAINT-MAUR-DES-FOSSES
3021;95;SAINT-MAUR-DES-FOSSES
3022;95;JOINVILLE-LE-PONT
3023;95;ALFORTVILLE
3024;95;MAISONS-ALFORT
3025;95;CHARENTON-LE-PONT
3026;95;CRETEIL
3027;95;BONNEUIL-SUR-MARNE
3028;95;IVRY-SUR-SEINE
3029;95;CACHAN
3030;95;LE KREMLIN-BICETRE
3031;95;VILLEJUIF
3032;95;FRESNES
3033;95;CHOISY-LE-ROI
3034;95;VITRY-SUR-SEINE
3035;95;THIAIS
3036;95;L'HAY-LES-ROSES
3037;95;ORLY
3038;95;CHEVILLY-LARUE
3039;95;RUNGIS
3040;95;GENTILLY
3041;95;ARCUEIL
3042;95;VILLENEUVE-SAINT-GEORGES
3043;95;PERIGNY
3044;95;BOISSY-SAINT-LEGER
3045;95;VALENTON
3046;95;CHENNEVIERES SUR MARNE
3047;95;LA QUEUE-EN-BRIE
3048;95;VILLIERS-SUR-MARNE
3049;95;SUCY-EN-BRIE
3050;95;LIMEIL-BREVANNES
3051;95;VILLECRESNES
3052;95;ABLON-SUR-SEINE
3053;95;LE PLESSIS-TREVISE
3054;95;MANDRES-LES-ROSES
3055;95;VILLENEUVE-LE-ROI
3056;95;NOISEAU
3057;95;SANTENY
3058;95;ORMESSON-SUR-MARNE
3059;95;MAROLLES-EN-BRIE
3060;95;NOGENT-SUR-MARNE
3061;95;VINCENNES
3062;95;BRY-SUR-MARNE
3063;95;SAINT-MANDE
3064;95;FONTENAY-SOUS-BOIS
3065;95;LE PERREUX-SUR-MARNE
3066;95;CHAMPIGNY-SUR-MARNE
3067;96;PONTOISE
3068;96;MENUCOURT
3069;96;ERAGNY-SUR-OISE
3070;96;ST OUEN L AUMONE
3071;96;NOINTEL
3072;96;AUVERS-SUR-OISE
3073;96;L'ISLE-ADAM
3074;96;CERGY
3075;96;PIERRELAYE
3076;96;JOUY-LE-MOUTIER
3077;96;OSNY
3078;96;CERGY
3079;96;BEAUMONT-SUR-OISE
3080;96;MERIEL
3081;96;MERY-SUR-OISE
3082;96;PARMAIN
3083;96;CORMEILLES-EN-VEXIN
3084;96;COURDIMANCHE
3085;96;MAGNY-EN-VEXIN
3086;96;VAUREAL
3087;96;PONTOISE
3088;96;CHAMPAGNE SUR-OISE
3089;96;CHARS
3090;96;ENNERY
3091;96;PERSAN
3092;96;BOISSY-L'AILLERIE
3093;96;MARINES
3094;96;VILLIERS-ADAM
3095;96;VALMONDOIS
3096;96;LA ROCHE-GUYON
3097;96;GENAINVILLE
3098;96;BRUYERES-SUR-OISE
3099;96;LABBEVILLE
3100;96;VETHEUIL
3101;96;GOUSSAINVILLE
3102;96;BELLOY-EN-FRANCE
3103;96;GONESSE
3104;96;DOMONT
3105;96;ARNOUVILLE
3106;96;ROISSY-EN-FRANCE
3107;96;SAINT-BRICE-SOUS-FORET
3108;96;GARGES-LES-GONESSE
3109;96;ECOUEN
3110;96;LE THILLAY
3111;96;SARCELLES
3112;96;MONTSOULT
3113;96;SAINT-WITZ
3114;96;EZANVILLE
3115;96;BOUFFEMONT
3116;96;MAFFLIERS
3117;96;BAILLET-EN-FRANCE
3118;96;LOUVRES
3119;96;FOSSES
3120;96;VILLIERS-LE-BEL
3121;96;LUZARCHES
3122;96;VILLERON
3123;96;VEMARS
3124;96;VIARMES
3125;96;BONNEUIL-EN-FRANCE
3126;96;SURVILLIERS
3127;96;MOISSELLES
3128;96;ASNIERES-SUR-OISE
3129;96;PUISEUX-EN-FRANCE
3130;96;FONTENAY-EN-PARISIS
3131;96;CHAUMONTEL
3132;96;SEUGY
3133;96;MONTMORENCY
3134;96;ERMONT
3135;96;EAUBONNE
3136;96;FRANCONVILLE LA GARENNE
3137;96;PLESSIS-BOUCHARD (LE)
3138;96;FREPILLON
3139;96;TAVERNY
3140;96;ENGHIEN LES BAINS
3141;96;ST LEU LA FORET
3142;96;ST GRATIEN
3143;96;DEUIL LA BARRE
3144;96;BEAUCHAMP
3145;96;GROSLAY
3146;96;BESSANCOURT
3147;96;SAINT-PRIX
3148;96;MARGENCY
3149;96;SOISY SS MONTMORENCY
3150;96;MONTMAGNY
3151;96;MONTLIGNON
3152;96;ANDILLY
3153;96;SANNOIS
3154;96;HERBLAY-SUR-SEINE
3155;96;ARGENTEUIL
3156;96;MONTIGNY LES CORMEILLES
3157;96;BEZONS
3158;96;LA FRETTE-SUR-SEINE
3159;96;CORMEILLES-EN-PARISIS
3160;97;SAINT MARTIN
3161;98;SAINTE ANNE
3162;98;SCHOELCHER
3163;98;MARIN
3164;98;FORT DE FRANCE
3165;98;TROIS ILETS
3166;98;CASE PILOTE
3167;98;DUCOS
3168;98;LE LAMENTIN
3169;98;DIAMANT
3170;98;VAUCLIN
3171;98;SAINT JOSEPH
3172;98;SAINTE LUCE
3173;98;FORT DE FRANCE
3174;98;FRANCOIS
3175;98;ROBERT
3176;98;AJOUPA BOUILLON
3177;98;TRINITE
3178;98;GROS MORNE
3179;99;CAYENNE
3180;99;REMIRE MONTJOLY
3181;99;KOUROU
3182;99;MATOURY
3183;99;SAINT LAURENT DU MARONI
3184;100;SAINTE MARIE
3185;100;SAINT DENIS
3186;100;SAINT DENIS
3187;100;SAINT DENIS
3188;100;SAINT-PAUL
3189;100;SAINT-PAUL
3190;100;SAINT-BENOIT
3191;100;SAINT-ANDRE
3192;100;LA POSSESSION
3193;100;SAINT PIERRE
3194;100;SAINT-LEU
3195;76;PARIS 03
3196;76;PARIS 01
3197;76;PARIS 08
3198;76;PARIS 06
3199;76;PARIS 07
3200;76;PARIS 05
3201;76;PARIS 10
3202;76;PARIS 09
3203;76;PARIS 11
3204;76;PARIS 12
3205;76;PARIS 13
3206;76;PARIS 14
3207;76;PARIS 15
3208;76;PARIS 16
3209;76;PARIS 17
3210;76;PARIS 18
3211;76;PARIS 20
3212;76;PARIS 19
3213;76;PARIS 04
3214;76;PARIS 02
3215;1;SAINT-ETIENNE-DU-BOIS
